year,state,district,age_pop,allage_m,allage_f,age_18_plus,allage_citzenpct,race_pop,race_white,race_black,race_asian,race_hisp,ed_pop,ed_ba,ed_grdeg,age_20_24,age_25_34,age_35_44,age_45_54,age_55_59,age_60_64,age_21_plus,age_65_plus,inc_pop,inc_less_10,inc_10_14,inc_15_24,inc_25_34,inc_35_49,inc_50_74,inc_75_99,inc_100_149,inc_150_199,inc_200_plus
2014,AK,1,736732,385582,351150,549963,44.0,736732,483584,38875,56354,49276,465149,85634,44630,63579,113774,93083,96361,50972,41060,516889,69899,249659,9813,8546,18358,18922,28810,46463,34054,48733,19989,15971
2014,AL,1,696783,337140,359643,533825,53.9,696783,468456,198226,12281,21560,471948,71101,37765,44344,85903,84764,95389,49405,43471,508219,113016,255303,25070,15648,35393,27081,38892,44905,26757,27321,7963,6273
2014,AL,2,678622,331056,347566,521685,64.3,678622,443780,213029,10607,21732,452170,59726,37979,51670,86601,85629,88417,46104,39950,494607,105469,258138,25446,17907,34693,30626,39775,45007,26298,25648,7528,5210
2014,AL,3,706574,345886,360688,548622,69.4,706574,492627,191228,11833,21219,467933,58202,37380,56229,86781,94170,91595,44989,44523,513090,105875,270971,31573,21222,32831,32492,40804,46587,27138,25111,7799,5414
2014,AL,4,683372,335709,347663,524888,75.6,683372,596472,52077,5448,40923,466499,46150,29961,41932,77053,86408,94764,48066,42818,499077,117390,259439,23595,21633,41627,31700,37951,46747,25039,21329,5941,3877
2014,AL,5,706373,343328,363045,547312,58.4,706373,542208,132327,14116,34993,481062,89911,51812,48743,91539,87104,104652,48230,43527,520206,106010,274891,23770,16881,30217,30108,38193,44914,31563,35589,13118,10538
2014,AL,6,696788,339221,357567,534807,67.5,696788,552743,105067,15508,34213,479767,100772,65210,38797,92692,95191,93407,49276,42671,510156,106530,265000,15336,11532,27212,28910,32303,48510,34651,37817,15986,12743
2014,AL,7,680865,315629,365236,529638,69.8,680865,223987,441617,5111,17773,437387,52196,26242,63860,95379,79968,82980,46176,40662,486033,92222,257475,41919,22858,41142,33203,37491,35511,22116,16261,3826,3148
2014,AR,1,723492,356105,367387,555336,68.3,723492,570516,137659,3730,22323,489049,50446,26218,46788,86257,91670,93335,45823,46251,525305,125713,282699,28059,25586,42280,37829,46124,47221,26138,19431,5477,4554
2014,AR,2,756326,366376,389950,576787,70.6,756326,552349,174076,14889,38418,501483,92135,49711,55886,106996,97262,96616,48439,44993,545799,107177,285873,21902,16833,36070,33235,42803,51956,33551,30981,9888,8654
2014,AR,3,767904,379592,388312,575565,69.5,767904,661353,29697,23671,105596,493179,78498,44171,59725,104375,99250,97532,47314,40152,539239,104556,283989,19589,19391,36458,32988,46325,50393,29382,29216,9735,10512
2014,AR,4,718647,354705,363942,552541,70.6,718647,538254,149061,5169,39426,484703,51332,28447,46208,80681,86385,93430,50777,45864,521990,127566,278727,28689,24817,40256,35162,44945,49478,25307,21282,4508,4283
2014,AZ,1,739373,371999,367374,555748,60.0,739373,486153,22335,16264,161410,476163,67744,42679,54431,88131,87962,86251,47068,45865,517158,120886,249074,26457,14560,26632,25997,35665,47171,29754,27916,7857,7065
2014,AZ,2,713036,354312,358724,565252,50.2,713036,580233,36507,32479,196933,492761,94657,70165,56632,88381,80776,87511,47252,49177,538211,139664,292370,20690,18978,34577,34543,42743,53684,32884,32453,11147,10671
2014,AZ,3,757119,380034,377085,549181,58.6,757119,562263,43968,18165,466627,443974,47727,23841,72658,106027,96130,86943,40657,33216,500928,81001,234874,25039,17014,30297,30189,37294,44523,24521,17611,5222,3164
2014,AZ,4,734258,371192,363066,587375,60.1,734258,650401,17495,14382,131848,535038,64237,37169,37665,76179,76817,83261,52258,55017,563987,191506,282598,19998,17457,35023,39101,48009,53058,31803,24953,6520,6676
2014,AZ,5,781441,382934,398507,563426,50.9,781441,670857,31216,42271,145229,504377,109458,60253,42412,93903,104672,102466,44539,37773,536395,121024,269256,12493,9120,24290,20825,34165,50883,36518,46630,19261,15071
2014,AZ,6,737185,357225,379960,584944,60.6,737185,633444,23733,44225,117558,530224,140789,84054,40356,102612,97684,107787,51989,47146,562406,123006,299053,15177,11384,24453,29536,40143,54864,35016,41293,18241,28946
2014,AZ,7,763089,381079,382010,520496,75.0,763089,480612,81669,27549,488335,430363,40177,19601,66125,121292,102488,88397,36922,28217,482670,53047,224388,31123,18944,35698,26626,35229,37778,17930,16013,3145,1902
2014,AZ,8,760904,358735,402169,592358,42.4,760904,640193,47026,32916,145663,534549,92411,54267,39941,89053,95907,97997,47482,49395,565963,154715,284913,14757,10305,23614,30683,40967,53641,41135,45215,13947,10649
2014,AZ,9,745079,385436,359643,590633,65.4,745079,569179,52387,41763,202853,488777,108584,64479,77902,129941,97003,95926,42956,37043,549447,85908,292217,22909,14817,31730,30428,42821,54557,33737,34654,12838,13726
2014,CA,1,710428,356480,353948,569061,50.1,710428,609675,17546,28266,94965,495413,75321,42959,54627,85096,73402,90212,50850,56342,538842,139511,273795,19745,20329,35341,31591,38830,47801,30063,30793,10195,9107
2014,CA,10,732084,362438,369646,530518,57.0,732084,537662,29351,65186,309863,455639,55539,24942,53389,100960,96879,94747,43839,35464,498229,83750,228743,14000,13545,21422,21503,32287,45139,30090,32163,11113,7481
2014,CA,11,739693,359276,380417,575892,51.4,739693,458725,68310,121688,197856,512839,134504,78499,46154,95426,100112,105234,53779,46542,550380,111746,268357,11628,11425,19583,17874,28923,44683,31176,45483,22130,35452
2014,CA,12,736123,376334,359789,641510,37.6,736123,367300,47898,257757,108707,588294,197068,130076,42293,171957,121983,99926,43247,44203,625161,106978,318240,20062,19143,23408,16737,26600,38749,33289,57879,30154,52219
2014,CA,13,743310,357749,385561,598473,49.8,743310,331662,148643,167111,166436,512368,128210,105812,64039,126550,108178,96330,43803,44545,565963,92962,282191,20678,16740,23112,23855,29223,44508,29115,44320,23753,26887
2014,CA,14,753002,370615,382387,599846,42.0,753002,347939,32397,269526,182379,537041,154225,89321,46261,112154,109964,109510,50084,46355,574219,108974,249842,8672,7208,13275,13485,21631,35092,29775,50497,27019,43188
2014,CA,15,753911,375090,378821,574097,46.4,753911,360146,59689,271900,171573,518302,126847,82782,38910,107169,113032,113096,50669,39917,550733,94419,245929,8158,6642,14011,16982,21708,33393,31905,50570,28888,33672
2014,CA,16,718849,358234,360615,501575,65.2,718849,409083,48539,72137,424973,416021,33869,15970,60963,103428,89944,82636,36365,30175,462872,73473,207675,19792,18959,29452,30259,31169,33421,18465,18052,4584,3522
2014,CA,17,756995,377959,379036,582278,48.9,756995,250694,26622,415903,121985,527626,149863,136703,40348,133484,123965,103207,44404,35877,560724,86689,248336,8367,5488,11779,11871,16569,30775,31309,53660,32963,45555
2014,CA,18,734378,368547,365831,568397,48.1,734378,478871,21893,185174,122860,514763,152504,154947,37402,96385,104883,114193,51244,42361,544785,105697,269816,9079,7795,12677,12767,21733,33028,29619,46404,30089,66625
2014,CA,19,746211,376378,369833,572690,43.1,746211,352028,27314,221836,310154,495206,105579,57111,56998,107414,106889,107805,46420,39685,541775,86993,221998,8036,9681,14652,15174,22080,31941,25723,43896,23446,27369
2014,CA,2,720049,357584,362465,575579,57.1,720049,574227,19495,38681,128657,516041,122237,82538,42797,82074,87940,103272,54460,58672,551019,129623,280016,16391,16708,24543,22629,32210,43029,32749,38682,20604,32471
2014,CA,20,732074,369712,362362,551467,70.7,732074,569208,19959,52530,383257,459444,73909,50041,64954,102628,91431,92340,44532,42193,507330,86320,222810,10224,10415,21182,20363,31657,39621,28199,30012,15147,15990
2014,CA,21,712295,373675,338620,491215,74.9,712295,507568,33527,29823,526733,406453,20986,7900,62269,113706,89895,84655,36027,25850,454451,56320,181929,14121,15906,29693,26211,31093,29728,15283,13468,4141,2285
2014,CA,22,739418,367427,371991,526603,56.3,739418,538102,34148,69406,345431,445903,69726,33840,58493,103223,89529,88484,42328,36786,492186,85553,235530,16612,12997,25200,24615,33886,42703,28275,29936,11898,9408
2014,CA,23,747914,375798,372116,536824,56.8,747914,566921,66047,44680,284304,463132,59891,29622,53835,109161,93750,91808,42634,38876,504281,86903,240106,19260,12758,26975,22014,29443,41388,30077,37174,12699,8318
2014,CA,24,726519,364405,362114,575963,66.5,726519,589206,20263,44294,258881,460726,91685,59581,79126,92020,80511,86131,47887,42726,517808,111451,248895,12785,11987,22069,24593,29308,42936,33209,39082,15730,17196
2014,CA,25,718796,350054,368742,521761,42.7,718796,454790,70579,75484,269831,455714,82753,36804,46480,89865,96914,107642,50927,34616,491274,75750,220969,13335,7270,17307,16213,24893,37410,33459,34865,19652,16565
2014,CA,26,725795,359375,366420,546744,54.8,725795,583740,20387,59227,324441,473793,95072,56868,52051,96086,89336,101563,47480,40809,516324,98519,228883,9315,7205,15959,18465,24964,38816,33898,39581,18274,22406
2014,CA,27,714911,348406,366505,578759,37.7,714911,283221,34121,285039,201174,513327,124204,84990,48504,97550,98336,105045,53768,42471,552882,116157,239911,13357,11437,22027,19667,25256,39409,28894,36946,19392,23526
2014,CA,28,721435,360229,361206,607189,40.8,721435,482278,22394,111948,191743,547313,158418,80694,46031,145325,109064,103301,46186,39677,586124,103760,292855,17374,20022,32991,27321,32105,45465,32601,38376,20473,26127
2014,CA,29,718633,363385,355248,545798,54.8,718633,398751,30898,59537,496277,460398,62824,19696,64571,119101,98671,98066,40876,31538,511143,72146,201576,12754,14426,25524,23891,28072,36742,24926,22570,7775,4896
2014,CA,3,720104,359673,360431,551785,50.9,720104,470612,52610,98921,209044,461728,67591,44184,63056,99438,85780,97572,42926,42800,510164,93212,245160,17504,14388,23525,22686,31593,44135,30204,34537,15413,11175
2014,CA,30,754331,374681,379650,604339,36.6,754331,503027,49925,106959,203074,533567,150843,75772,52922,111917,108990,105296,50870,46321,576020,110173,276791,14819,10939,23778,22764,28974,46040,32874,44739,23576,28288
2014,CA,31,738321,362137,376184,534242,51.9,738321,456059,85713,73908,377404,451284,65421,38387,60670,115612,95031,92361,44695,31346,501501,72239,217372,16182,12513,24179,20499,29809,38608,23819,30546,12534,8683
2014,CA,32,735945,363182,372763,563317,45.2,735945,333747,28526,144666,455983,480548,68802,27327,60208,101813,100530,97156,44848,40948,527558,95253,198676,8306,8420,20651,20342,29372,35988,24342,31385,11492,8378
2014,CA,33,714411,346945,367466,585950,36.7,714411,533125,24464,122559,92093,521423,190919,142837,42958,106473,96133,111448,47269,41214,555565,118886,297852,15793,10586,17216,13571,21928,39957,26699,53129,33198,65775
2014,CA,34,720406,364424,355982,560151,62.0,720406,307589,34270,154399,466707,483225,83281,33235,58156,126009,113888,92163,38556,34286,530927,78323,239711,25693,21458,41137,29314,35464,36959,19598,16378,6580,7130
2014,CA,35,732845,370949,361896,534918,57.0,732845,351243,55065,50179,516327,441060,43944,17262,68315,111113,102479,97115,42645,27135,498043,60573,185910,10927,9118,19274,17772,28378,37217,26381,24379,8298,4166
2014,CA,36,746522,372140,374382,563556,60.6,746522,509325,39457,32979,366565,499548,64789,38952,45083,89808,87004,92470,40643,44008,536040,145615,261820,18891,18989,35753,31239,38688,43987,27869,27183,10136,9085
2014,CA,37,723724,347841,375883,581532,55.9,723724,323503,171312,85856,284410,496720,109884,74161,65114,124687,106025,95293,43719,38070,551968,88926,271981,23294,21693,31500,26837,33191,42986,28422,29806,14192,20060
2014,CA,38,720208,352305,367903,554198,44.9,720208,356390,31438,118606,454316,476194,69616,29816,57741,101976,97526,96783,45933,37485,523869,96491,203362,8977,9090,18599,16860,28251,38776,29021,31214,13793,8781
2014,CA,39,716854,352089,364765,552525,41.0,716854,381654,23928,225977,245165,477219,128542,60793,57602,94904,94451,103140,49263,39183,522051,96278,219406,9902,7715,13580,13631,25294,36865,27948,41503,21969,20999
2014,CA,4,719688,360796,358892,567136,46.5,719688,620463,13634,46014,92353,512992,108512,55550,36563,76223,85963,104280,54506,54316,539594,137704,267604,12685,10518,23079,22924,30525,45671,36440,43054,21607,21101
2014,CA,40,713940,353011,360929,502484,67.6,713940,387047,37739,25124,620204,421698,28372,10553,59367,108732,101259,89100,38033,28649,468730,55925,179453,13550,14834,26624,24696,30365,33333,17742,13180,3449,1680
2014,CA,41,739287,367493,371794,533455,56.2,739287,391578,72385,58016,435627,435655,41710,23439,70584,108611,96905,88961,40888,33394,491153,66896,191499,11741,8038,20573,19334,26722,38973,27181,24735,8935,5267
2014,CA,42,754191,373981,380210,552804,47.1,754191,507575,58087,79716,282599,478216,74071,41846,53735,102239,102404,106984,44768,36038,521729,85783,219885,10273,7117,15941,17959,23342,40022,33420,42928,16411,12472
2014,CA,43,731916,350226,381690,553734,56.6,731916,275481,197865,97906,335050,475266,80906,34332,56023,115004,100567,97723,45776,34006,518794,82190,240996,17735,13730,28080,29831,34348,42628,25841,29349,10642,8812
2014,CA,44,726147,359918,366229,521586,61.9,726147,329140,124891,49025,511932,432835,35332,12699,65941,115691,91717,94161,38626,30775,485419,61865,184112,11675,11886,24743,24338,26142,32357,22439,21097,5193,4242
2014,CA,45,763368,371631,391737,588453,42.6,763368,485882,22551,190009,152464,518162,163802,103777,48140,103356,105542,113562,52922,40720,557823,102060,265906,12353,6201,13418,15318,22978,37428,33720,53402,31309,39779
2014,CA,46,730783,370971,359812,537920,61.9,730783,441838,15034,103852,487988,448006,59349,20366,64960,120220,103040,93416,37128,29742,499950,64460,187247,8668,8827,18930,22104,26641,35621,27530,24116,8975,5835
2014,CA,47,718747,353048,365699,557737,44.9,718747,409600,56347,180350,246848,484613,95462,48412,52770,104545,99128,108126,43895,39804,527776,89115,242825,15320,13556,23701,21997,30183,39090,30892,36717,17769,13600
2014,CA,48,726491,359951,366540,586618,36.9,726491,473787,12688,150466,155791,523123,144469,85102,48664,104535,93527,110699,55707,43058,560907,115597,268779,11015,7837,18319,18294,25525,41567,34176,47162,26699,38185
2014,CA,49,728456,368276,360180,558483,48.6,728456,582666,22814,65118,179235,482657,130917,81626,57859,95120,99617,99380,45739,39047,529372,103754,251417,15635,5898,14946,19121,26560,40671,29293,40195,22597,36501
2014,CA,5,722814,349415,373399,565122,48.9,722814,468352,61571,96080,199582,497276,106919,50851,50622,97626,87314,96580,50092,50546,537119,115118,265421,13639,12071,22385,22364,31484,46376,38125,40000,21328,17649
2014,CA,50,737332,370321,367011,561377,56.3,737332,572093,30407,58689,230290,488174,92578,44522,51983,98923,91579,102736,47309,44881,528923,102746,239592,15241,9964,18881,21599,29219,40467,34847,40231,15670,13473
2014,CA,51,720935,364987,355948,532349,55.3,720935,464135,58998,64934,511341,439562,46315,15029,69974,115678,93520,83277,38775,32011,495310,76301,194825,16450,15897,26012,25573,28274,32836,20281,20224,5565,3713
2014,CA,52,759602,383167,376435,604220,44.3,759602,523582,33463,170866,109805,524637,178168,125584,58950,133532,101449,103999,46942,42246,574178,96469,282394,13811,9209,15135,17255,27787,41086,36760,55856,29496,35999
2014,CA,53,753810,370301,383509,601355,45.2,753810,492579,73285,127948,251708,516761,121401,63436,63299,137393,99094,99892,46932,38959,566260,94491,265815,13634,10388,19743,25646,32935,48451,38430,43878,17641,15069
2014,CA,6,737671,360751,376920,551443,48.9,737671,379085,118654,132357,214233,473539,80514,43259,58481,122803,97850,89648,40916,38827,520797,83495,264422,21102,22863,28547,29453,38555,45429,27726,29528,12974,8245
2014,CA,7,736555,359423,377132,560826,34.8,736555,486767,66713,130644,121875,499117,107774,55212,46105,102406,93711,104450,50967,43456,536167,104127,258041,11938,11962,20305,21304,31547,46444,34071,44446,20402,15622
2014,CA,8,715953,354308,361645,518301,51.0,715953,541202,71152,32130,282252,442481,43074,26671,56491,92184,84457,89400,42865,42203,485405,91372,231229,19455,16339,30537,24425,31357,44641,26258,25211,7491,5515
2014,CA,9,738320,366966,371354,536766,52.3,738320,403121,86691,124209,274025,461250,61651,29820,52990,93591,93330,99574,45582,38212,503129,90961,230743,16565,13163,26578,21563,28353,40285,26881,32777,13787,10791
2014,CO,1,788694,394699,393995,623755,61.9,788694,630280,75187,35920,222333,555283,150921,94826,53109,164566,119762,95865,46426,41213,599048,87451,332241,27452,13914,28822,30756,44795,56624,42160,45250,18240,24228
2014,CO,2,765721,389832,375889,612729,53.1,765721,695480,10965,30323,78267,510400,158539,110320,75886,103631,98343,100119,56121,51280,570968,100906,300661,16517,8559,22605,26300,33605,52304,41468,50121,25353,23829
2014,CO,3,729368,365512,363856,566684,68.7,729368,643028,11124,7691,180624,497871,101713,51002,48628,94755,88431,93033,53332,52408,534958,115912,282857,21958,15108,29811,32948,41884,51281,35840,33435,12255,8337
2014,CO,4,768242,387205,381037,567899,64.4,768242,683435,17317,21786,166820,498558,108342,55238,49519,95043,104880,108412,50076,44111,538353,96036,272870,14125,8588,22865,23104,35047,49947,38483,45003,18584,17124
2014,CO,5,759664,386950,372714,578160,52.5,759664,613785,57190,30005,116871,496820,102192,69661,59971,112688,93959,101287,48509,44026,545526,96351,283910,16761,12677,27937,25515,40616,55443,37682,39386,15229,12664
2014,CO,6,772966,382193,390773,568837,57.4,772966,575067,81589,51025,154720,506049,141985,70445,45061,109244,116464,107878,47538,39526,543395,85399,277454,11955,7681,19077,23404,33190,50957,38345,48639,23155,21051
2014,CO,7,771211,386208,385003,590657,62.5,771211,679306,19357,33676,215472,519482,98466,60562,52658,118758,102947,104686,48886,46688,563377,97517,289599,13936,11101,23850,26899,41531,59005,38751,45527,15609,13390
2014,CT,1,711205,342912,368293,559348,45.7,711205,502787,122446,39801,114958,495550,104682,74226,44902,89492,85647,107568,56678,41701,532352,114464,279974,18369,10989,26933,21347,31777,47277,36593,45810,21132,19747
2014,CT,2,710798,353804,356994,568588,43.5,710798,612355,40492,27864,56024,487416,92948,72092,56088,79184,81797,112337,54505,44743,531025,114850,267479,12349,8564,19993,21273,31116,47503,40441,47167,22201,16872
2014,CT,3,720986,344420,376566,574431,53.1,720986,539395,104464,33613,104117,497046,94701,83644,54949,99973,85584,101830,50671,46164,539288,112824,278098,19830,14236,25856,23238,32919,43856,33500,45410,20098,19155
2014,CT,4,740215,361123,379092,561323,56.3,740215,536542,96792,47716,140284,496358,135233,108579,45020,86090,98344,113988,52067,43347,533358,102522,262907,13899,7155,18135,17804,23891,34073,29838,36382,24875,56855
2014,CT,5,713473,351857,361616,558111,55.5,713473,572870,56566,32574,125770,495448,99908,74101,43240,83682,90049,113354,53438,44057,530561,110868,267359,16871,7607,24577,22620,29564,44053,35099,44318,19424,23226
2014,DC,1,658893,312633,346260,543863,61.4,658893,265077,328170,32607,68356,463211,112706,141966,58809,150211,92877,76790,36171,32697,509791,74465,277378,31498,10973,20932,18459,24799,36870,32079,40815,23599,37354
2014,DE,1,935614,454005,481609,731772,51.2,935614,647533,220001,40345,83326,640343,116931,78950,63905,121964,111621,128366,68820,55813,690299,153759,349743,23305,12731,29608,32947,49311,64840,44989,51997,21823,18192
2014,FL,1,743897,376913,366984,584012,45.1,743897,571711,113346,29804,46011,502782,91010,45096,59448,104482,86902,99504,52552,42824,551075,116518,271005,17405,12044,28994,29332,44774,50718,37000,31683,10251,8804
2014,FL,10,758350,371597,386753,598685,47.4,758350,591441,98895,38752,140390,537054,102355,54023,46417,102685,95411,103373,46354,45344,573717,143887,280952,19324,12654,28851,30310,44164,57364,31333,34354,10303,12295
2014,FL,11,728133,352597,375536,607174,33.4,728133,629693,69940,13597,67368,560802,68879,37242,33606,63176,68740,83221,49130,57419,585368,239116,297719,21525,18075,41314,41603,54808,58097,29529,21379,4969,6420
2014,FL,12,729937,351858,378079,579201,37.8,729937,642401,46268,25515,95057,529434,99366,49862,35905,76073,92098,106160,49617,48372,556864,157114,281737,16603,14408,35050,32253,40148,50833,31792,38358,10173,12119
2014,FL,13,707503,343793,363710,591475,44.2,707503,610496,50679,30322,68243,541077,99848,55508,37363,79416,79869,105035,57606,52109,570766,167042,310672,28240,16804,37129,39487,48881,54376,33036,32403,9040,11276
2014,FL,14,757963,366237,391726,590691,54.0,757963,474776,202087,34262,219777,518607,90625,49311,54467,126562,105898,101002,48600,39976,562227,96569,290566,26953,17843,37770,34718,44734,51424,28529,29483,9422,9690
2014,FL,15,724176,352956,371220,556978,50.7,724176,538561,111943,26000,130854,475964,81462,43279,58337,94611,86590,100721,47616,41249,523431,105177,255190,17854,14185,29474,25580,41204,47860,29171,30982,10295,8585
2014,FL,16,744076,356996,387080,617023,50.2,744076,658645,56728,16857,89270,567986,107476,71337,35965,67348,73967,94125,53965,55105,595900,223476,311660,19471,15638,34983,32292,46673,59768,36267,38944,12749,14875
2014,FL,17,725251,364552,360699,581934,55.6,725251,608499,73710,14328,139505,530421,62999,38197,36717,72831,77546,84912,51675,50162,560076,193295,275502,21189,16263,38618,36632,46652,54171,26073,22799,7378,5727
2014,FL,18,731704,351951,379753,596796,44.8,731704,591226,100743,17603,109237,546401,94101,55713,35638,77842,82624,104047,54603,50219,575486,177066,292179,15642,15261,35096,32468,39859,55900,33528,34828,11915,17682
2014,FL,19,753542,362571,390971,624302,57.3,753542,652444,66493,13102,143561,572268,111048,68150,36339,76793,74681,92005,50899,57713,602005,220177,303652,19045,14318,30966,32732,47740,61501,32574,34210,12512,18054
2014,FL,2,711296,360232,351064,571349,52.6,711296,493170,185911,19009,41521,468036,77662,47621,75503,97247,86188,90799,46367,44056,524918,103379,262789,28271,14657,29932,34400,40207,43076,27603,29370,8167,7106
2014,FL,20,745656,362215,383441,574465,49.2,745656,307618,399771,18994,160422,500358,64055,25740,57104,109610,96141,99768,48109,42022,544007,104708,244629,23606,16007,37856,34018,41215,44795,21698,19865,3599,1970
2014,FL,21,742664,357553,385111,585395,42.6,742664,579711,104240,33304,163232,527982,116273,69514,40292,77532,84562,104764,48016,40520,560543,172588,275199,13555,11576,30986,29169,35948,48646,34932,36590,16249,17548
2014,FL,22,731165,368252,362913,606087,53.0,731165,585590,99558,24793,152966,553956,132215,76612,38679,99529,90972,104716,52716,49540,585443,156483,307349,21423,16188,33655,31242,41434,49311,34782,37319,16105,25890
2014,FL,23,730033,355284,374749,577917,41.2,730033,565313,97145,28409,291838,519367,113031,75707,43040,91876,104460,115762,45688,42543,553394,119038,278160,22866,14041,30126,26858,35866,45831,31298,38423,15804,17047
2014,FL,24,741950,354765,387185,573804,44.6,741950,266289,437467,14478,238417,496285,65558,34449,58203,116699,103008,104132,41090,42267,542723,89089,230890,30720,18164,34611,27172,33050,37386,19680,18833,6325,4949
2014,FL,25,745358,365849,379509,583724,46.5,745358,637143,58963,20236,527426,515627,90566,46448,50521,95456,105751,115154,44961,37283,553939,117022,223881,16482,15737,25890,21554,33067,40436,26404,27045,8971,8295
2014,FL,26,749692,367816,381876,599510,36.9,749692,646991,74388,17654,515484,523591,90344,47548,52670,100264,97656,109543,52297,45386,565345,118445,218812,15184,11283,23408,22389,30578,40325,27667,29697,10575,7706
2014,FL,27,760443,368808,391635,603990,48.3,760443,663711,59362,16261,578904,536317,92028,64567,50144,101724,112521,111282,45205,41270,575703,124315,247862,23792,18924,32980,27373,32914,38185,21658,23495,10963,17578
2014,FL,3,716034,358196,357838,572000,43.6,716034,573217,100571,27427,65433,478377,69457,47953,64018,89333,81980,93527,48354,43004,526375,122179,261176,28567,14828,30242,30082,36723,52751,25563,25622,9650,7148
2014,FL,4,714880,351597,363283,558993,45.3,714880,554431,105368,40782,58687,493504,97773,52968,49724,110338,89988,101274,48297,41436,533406,102171,272496,16617,12300,23834,32450,40344,52943,32229,38604,10673,12502
2014,FL,5,742217,351598,390619,561224,52.2,742217,288736,405041,22802,95579,478867,54758,22499,62717,116156,92096,96419,48661,40455,531241,85080,260285,34014,22407,43541,36088,38308,42894,21970,13769,4433,2861
2014,FL,6,736069,360502,375567,599929,42.1,736069,627765,74885,18972,57269,542155,92588,54861,40451,76578,78816,100633,55788,56504,573598,173836,286085,21380,13058,33522,36082,42581,53239,32005,31026,13412,9780
2014,FL,7,735643,361499,374144,580334,43.7,735643,588945,86154,35020,156150,493138,108192,57742,59705,102949,91160,103307,49008,43163,538795,103551,256554,17425,11115,29612,29853,36588,48295,28107,28908,13577,13074
2014,FL,8,715672,348502,367170,583797,42.9,715672,596149,82228,21788,71423,530123,88701,54638,37723,74405,73714,101548,56661,52453,559673,171342,285836,20436,14959,35154,34452,44047,52667,33242,29673,10608,10598
2014,FL,9,769993,377539,392454,578485,50.5,769993,569188,89838,43405,364846,500717,86293,35256,56898,111114,119270,104012,41044,36986,546664,88291,245209,19407,10142,32017,31418,41021,50146,26100,21873,7094,5991
2014,GA,1,729328,359728,369600,552980,61.5,729328,454517,228136,18286,44989,472358,72918,45351,59387,107988,90024,93491,46363,38794,518155,95698,264770,24305,15662,27168,29312,41174,49526,30485,29457,9713,7968
2014,GA,10,713570,343760,369810,543477,48.2,713570,489442,196517,18489,34892,457611,66487,44299,57058,81730,94994,95997,43911,42080,499135,98899,243617,26299,12698,30897,25006,31856,44650,27278,27609,9672,7652
2014,GA,11,725169,354608,370561,550350,62.2,725169,530232,133975,28412,78101,479911,122558,63618,49671,107216,103942,105059,45212,39099,518006,79383,270931,12245,7924,22768,22939,35370,50411,38645,42717,16675,21237
2014,GA,12,701628,346132,355496,535490,50.7,701628,412025,256765,15669,39940,447891,57142,32733,57704,96756,84893,88903,42705,41750,495165,92884,244477,27874,19297,35558,29186,34306,39726,26885,20351,6398,4896
2014,GA,13,741383,350242,391141,533805,53.4,741383,253307,429329,19957,91669,465146,78619,44374,50209,93419,113734,104961,47493,34678,506234,70861,248292,15505,13274,27305,25634,38248,53015,30077,26806,10830,7598
2014,GA,14,700856,343480,357376,523641,68.5,700856,596031,71900,8042,77033,458438,51984,27768,45596,88719,96100,96657,45419,36792,493756,94751,248795,18217,14743,33829,29022,38163,46784,29399,25215,8097,5326
2014,GA,2,685342,336980,348362,519165,63.1,685342,294263,362234,10954,34431,440601,45886,31056,56554,93001,81666,87764,42529,41046,486198,94595,245947,37804,20642,35998,29204,35554,37992,23456,15319,5430,4548
2014,GA,3,725530,353688,371842,544053,53.6,725530,503728,187666,18398,37889,468134,73625,41000,53021,88521,94412,101946,43181,41158,510174,98916,257294,21807,14052,27685,27011,38477,48076,30241,30775,10453,8717
2014,GA,4,728367,350525,377842,540123,53.2,728367,228266,427633,42846,74297,473266,88332,54340,46763,100886,103258,106822,47027,41031,511401,74242,251970,18518,15176,29666,29247,41658,45448,30855,26399,7793,7210
2014,GA,5,738016,354502,383514,583387,60.7,738016,244573,437342,37224,48569,488762,113332,82828,69579,140654,103211,90723,39635,37122,542693,77417,287587,32313,19831,34469,30575,40876,43615,26824,28791,12587,17706
2014,GA,6,732089,362180,369909,547421,60.6,732089,518393,107334,82923,91031,497415,183003,105394,36306,102113,117856,113364,45316,38653,527638,80113,275326,11928,4986,16490,21359,31508,45864,33341,47177,26761,35912
2014,GA,7,752996,368791,384205,548996,57.0,752996,442553,151422,104945,138110,484689,127381,63160,46071,102685,116766,117995,43989,36251,520216,67003,242595,7986,8127,22013,23072,32425,45736,32124,37619,17610,15883
2014,GA,8,705698,344469,361229,535312,66.1,705698,456101,225582,11142,41831,459741,56334,37134,51816,91002,91411,91679,44942,40336,499874,100371,254286,29410,19825,34286,29810,38673,42031,26006,21082,6999,6164
2014,GA,9,717371,352854,364517,547722,70.5,717371,620486,57851,10005,89333,482445,62132,37812,46669,80462,92689,94968,45121,45468,519260,123737,251634,19948,15912,29624,28731,40022,47551,29406,26285,7691,6464
2014,HI,1,707541,356922,350619,564748,43.3,707541,131131,26828,462490,56677,496762,108314,57133,52766,110005,89688,90803,43198,41913,539560,121155,231099,12056,6968,14261,15668,26591,43079,34508,42651,20244,15073
2014,HI,2,712020,360391,351629,546459,42.7,712020,229580,24338,330032,86561,477824,92001,44891,51422,100805,86560,88128,48844,46581,517926,106906,219670,13855,8812,17969,16584,25504,41840,30926,37879,13691,12610
2014,IA,1,770612,380910,389702,593344,62.3,770612,704896,34423,14523,28538,514067,91409,42401,54804,94882,87212,102843,53501,48711,557343,126918,311138,16007,15431,33665,30133,43533,64010,46049,41052,11874,9384
2014,IA,2,776785,388335,388450,600482,63.1,776785,701868,39381,23007,40699,516153,92377,53298,59252,96276,92146,102224,52949,50100,565420,122458,308412,22567,17131,33324,32815,45456,60198,39918,36105,11792,9106
2014,IA,3,801039,394961,406078,600697,59.1,801039,722087,41972,27858,52626,532546,119797,51746,49941,112626,105030,108856,52618,45099,573963,108317,312956,16696,12362,29770,27359,43519,62625,41393,47276,16936,15020
2014,IA,4,758690,380595,378095,587012,74.9,758690,708907,14524,18317,49204,499968,80360,39038,58769,86410,81365,95424,55844,47990,545583,132935,308965,20027,17971,36211,34547,46557,61715,40554,33711,9711,7961
2014,ID,1,834295,413711,420584,622458,61.5,834295,777990,6488,14287,86379,548528,86946,39225,49689,102859,104088,106130,51864,53866,586529,129721,304513,22452,14364,33001,38170,48030,62648,35778,31533,8442,10095
2014,ID,2,800169,403339,396830,580741,65.2,800169,720117,12320,20913,110533,496665,88162,47189,60784,108448,98412,90676,47994,45877,544411,105258,287074,19533,17217,36577,33865,43510,54632,34133,30007,8742,8858
2014,IL,1,717741,338726,379015,551278,48.8,717741,294595,376457,13050,71357,477646,77768,54691,52321,93178,85847,99201,50252,44109,516975,105059,265021,29800,15749,31326,26317,32250,46079,31239,30578,12773,8910
2014,IL,10,711698,352997,358701,533519,48.6,711698,549483,51564,79432,165373,466907,117718,87605,44543,84725,94555,102197,50333,40516,503079,94581,244599,11682,7617,19223,16419,27276,41077,29819,38461,22294,30731
2014,IL,11,712657,346260,366397,521448,54.2,712657,452899,100145,54511,189727,451249,94196,63576,51083,95958,107206,97499,44062,37422,492101,69102,236716,10173,6597,17730,19280,31492,42921,33048,44363,16858,14254
2014,IL,12,701698,344942,356756,546208,49.3,701698,553900,126117,11146,24148,477514,60255,39842,49418,92419,84599,98080,52242,41463,517781,108711,273446,29825,16674,32151,30355,38388,46586,32983,31522,9292,5670
2014,IL,13,715374,348182,367192,568178,65.9,715374,581452,91191,28816,24401,458137,83920,52741,78474,92784,82903,85573,47654,41577,519166,107646,285134,28087,17218,32632,31455,40770,50293,35855,30968,9735,8121
2014,IL,14,725522,361138,364384,536872,41.6,725522,634856,27307,39376,86274,477309,120973,66460,41643,73279,101516,117805,53550,40281,509815,90878,252091,7647,5323,15485,16502,22644,42127,38350,53307,27889,22817
2014,IL,15,705504,354656,350848,546618,50.6,705504,657420,34609,6834,17191,482304,59820,28164,45617,84291,82027,95051,53072,45355,518784,122508,274400,20844,16289,32508,31138,40350,55570,33217,28547,10272,5665
2014,IL,16,699582,344125,355457,542885,50.3,699582,633351,34244,12830,58526,473726,64496,38829,48667,81196,82060,99844,50355,44369,512371,115902,268332,17077,12777,28284,26113,38500,51634,36031,37907,12792,7217
2014,IL,17,701014,346308,354706,541262,57.8,701014,572850,90204,10830,64773,473419,57361,29715,46873,83146,84888,89644,47711,47032,509663,120998,280965,25557,17006,37138,33646,42468,52259,32457,26775,8418,5241
2014,IL,18,710629,354054,356575,553438,54.8,710629,649094,29201,21404,19063,485462,101830,53254,49046,85169,85065,98549,50369,46977,525997,119333,282923,14573,13353,24925,28172,38298,57676,37412,42617,14336,11561
2014,IL,2,707817,331875,375942,536464,48.0,707817,275773,400905,6152,93169,468390,64969,41321,49482,87030,86660,101933,51791,43106,508931,97870,258513,31776,14811,30347,26092,35877,45431,29533,29976,8966,5704
2014,IL,3,730269,357355,372914,557119,46.1,730269,560358,33909,38043,227032,487347,80938,46985,48797,96208,100311,99223,51942,39968,527536,99695,245112,12940,9270,23122,24919,30574,47625,31989,37407,14747,12519
2014,IL,4,725616,366843,358773,531518,66.6,725616,424266,43203,27391,512282,457419,68530,30242,53743,132820,106350,83938,37032,33264,501249,64015,223752,17432,12251,31734,27590,34048,42004,22123,23960,7487,5123
2014,IL,5,717666,352720,364946,579495,43.2,717666,585330,24347,56463,136482,515029,167261,105419,51586,156760,105213,91697,43017,33461,559266,84881,294812,14134,9849,24539,20106,32271,51502,37474,48821,23221,32895
2014,IL,6,734700,363479,371221,561586,38.7,734700,613230,24318,76520,69549,503940,155077,101054,38775,83958,92150,122071,56911,46337,535763,102513,265609,7555,4873,13296,16262,27272,41667,35731,54082,26524,38347
2014,IL,7,727478,349002,378476,573135,55.7,727478,243309,370831,58020,107665,487710,103260,88683,64754,142449,96017,86705,42616,36230,539914,83693,286948,37766,18942,30637,23900,28771,42865,30255,34219,16602,22991
2014,IL,8,725320,362678,362642,552130,55.6,725320,493417,34600,102609,207517,489863,105757,53693,46242,108903,105788,99816,47383,40448,527106,87525,253238,9593,7744,18842,22537,37169,49541,41192,39429,15847,11344
2014,IL,9,710295,345265,365030,562693,36.8,710295,514862,71355,102884,76977,505705,152893,114111,41203,103173,98743,100168,46304,44373,538213,112944,280810,19836,11588,27392,21210,32133,43131,36166,42105,19423,27826
2014,IN,1,718064,351131,366933,547202,43.2,718064,502079,149364,13083,107712,482300,70535,35715,46721,89453,92763,97786,52589,44280,518556,105429,265908,18928,14161,26739,28134,38680,53455,32549,36037,10279,6946
2014,IN,2,721627,355408,366219,541246,70.6,721627,624564,58459,10821,65572,471483,62196,36554,49317,88564,89064,94576,47678,45576,511337,106025,268091,18165,15121,32358,31030,44959,55708,32789,26179,5628,6154
2014,IN,3,734384,362789,371595,544887,55.0,734384,639346,57003,18214,42908,476392,72082,37250,48414,90985,90895,95652,51670,42415,516845,104775,278743,16940,14103,31238,33828,42993,61029,37410,27232,6962,7008
2014,IN,4,742958,371589,371369,570974,65.1,742958,667284,34947,23184,43625,478535,74310,43541,65583,90311,93080,97979,48988,42423,526989,105754,277447,17641,10877,31836,31198,42566,56767,36815,33175,9821,6751
2014,IN,5,743454,360222,383232,558225,54.1,743454,637700,64655,31094,28564,499880,140351,79108,41788,99698,102889,105121,50097,41589,534951,100486,290210,14815,9975,24448,24613,38605,54627,39758,43756,17524,22089
2014,IN,6,720106,355484,364622,557858,68.5,720106,671660,25466,10255,16007,483388,62350,36315,53204,81479,88948,100517,51761,44073,524402,116610,280605,18992,17036,31979,34272,43585,55221,34199,31147,7501,6673
2014,IN,7,756223,366296,389927,562232,73.2,756223,460140,238874,20783,83534,483696,70114,35407,59003,123347,96843,98706,46822,37843,530715,80135,282965,29731,19893,42232,35980,46613,50181,26165,22411,5710,4049
2014,IN,8,723064,360110,362954,558903,49.5,723064,666492,36420,9475,13986,485565,58894,34647,51077,88073,87329,97400,52072,45771,523113,114920,281213,19905,17223,35209,35594,43231,53697,33468,29567,7667,5652
2014,IN,9,736975,360950,376025,571654,60.6,736975,678125,29153,20020,23557,481677,72061,49172,62871,91169,90259,99761,47952,45176,529262,107360,277557,19795,13881,29919,29946,44233,56476,34816,31810,10516,6165
2014,KS,1,718346,363927,354419,544204,66.3,718346,628657,30630,14506,111190,453908,72544,37876,63893,94063,78498,82854,45676,41537,503311,111280,274215,18071,16806,31567,31879,44768,57022,33628,25734,7245,7495
2014,KS,2,715446,356263,359183,548804,64.3,715446,626053,47534,13969,45360,465448,78974,48708,58908,88463,82956,89656,49099,44259,513711,111015,277280,19702,14835,34177,32530,38822,54126,36319,33405,7794,5570
2014,KS,3,749250,366947,382303,553869,61.8,749250,610852,75798,37498,87088,493297,141352,81056,43193,107106,101584,101405,47287,42920,530103,92995,285307,13570,10324,24070,25752,34469,51992,38005,44295,20665,22165
2014,KS,4,720979,357808,363171,534657,57.0,720979,600576,60761,27874,85319,468868,88422,44152,47498,97422,86933,90552,48064,43654,505918,102243,272478,19263,15005,26798,32290,38756,53867,33334,33925,10093,9147
2014,KY,1,724041,359475,364566,557316,71.1,724041,645577,61204,4439,21068,486161,44652,30540,49888,86691,85010,96759,49798,47255,525664,120648,282156,30704,20922,42363,34930,44230,47828,29561,21707,6102,3809
2014,KY,2,742858,364751,378107,565687,65.5,742858,664275,51570,11178,24401,489945,54161,38554,53196,91543,92961,104794,51504,41624,532272,107519,277832,22559,16383,34239,33098,42929,52849,33381,31549,6123,4722
2014,KY,3,736532,354985,381547,571111,60.8,736532,531206,174473,22680,36074,504994,88480,67931,49587,106810,93836,99039,55247,42712,545491,107350,300489,26553,16921,36550,31222,45827,56158,31478,31710,11854,12216
2014,KY,4,748191,370550,377641,563531,59.2,748191,692270,30998,10014,22710,501074,79044,48482,45059,94376,96525,109181,52318,45490,538533,103184,275723,21791,14955,28208,26410,36459,48663,36067,39400,12840,10930
2014,KY,5,712274,356090,356184,557989,55.8,712274,688429,13442,3295,6702,493599,29505,27897,46195,85213,91825,102190,51637,46748,531185,115986,278624,45594,27624,46083,34786,40489,43547,20176,14422,3636,2267
2014,KY,6,749561,368307,381254,582520,68.0,749561,636504,76990,17745,34215,491408,91121,59334,65821,98273,99298,101496,49191,44815,543958,98335,297270,26410,20098,36136,31755,41733,54122,33161,33657,10487,9711
2014,LA,1,796858,386898,409960,612256,55.4,796858,630097,114781,23741,72123,536740,101304,54926,54427,113652,97772,106310,56927,48211,580353,113868,294038,18989,13743,29887,30943,41669,52665,35497,39656,14839,16150
2014,LA,2,775807,374128,401679,598990,59.5,775807,249041,491597,20484,43298,520472,72427,44382,59857,125065,98700,102968,54367,44684,568513,94688,292635,41628,25646,39141,35913,40156,40730,26831,25945,8084,8561
2014,LA,3,777665,379619,398046,581935,63.2,777665,550804,202399,13945,28250,505548,73575,29408,56225,111962,94257,101251,52872,43968,549786,101238,286954,24153,18947,37990,29522,40022,50016,28015,34024,14262,10003
2014,LA,4,756663,373774,382889,569293,59.3,756663,463426,262856,9848,30629,494302,61675,30390,53616,101023,93640,94945,47247,46192,538058,111255,276860,33228,21811,36310,31160,41256,43755,26266,28572,7282,7220
2014,LA,5,750819,373397,377422,571864,66.8,750819,462421,272222,5782,15226,492166,56494,28017,56337,95695,92825,96276,50049,45157,538424,112164,271296,37701,25026,40701,31681,36076,39791,23500,24311,6756,5753
2014,LA,6,791864,384300,407564,600554,63.0,791864,563353,198450,19722,34363,511460,98385,50613,66171,113047,101148,101550,52325,45433,563428,97957,296411,21630,13443,31369,30062,37851,49942,36980,44995,16528,13611
2014,MA,1,733426,351239,382187,578310,42.0,733426,614854,55902,16852,122402,502469,81880,62313,53789,88747,84926,104415,54153,49719,545944,120509,285689,21687,18378,32691,32673,34892,47577,34834,37459,13051,12447
2014,MA,2,736475,362808,373667,585803,48.6,736475,624547,47771,45181,68672,490255,108952,71638,65059,89444,86223,109680,53860,46414,541246,104634,271530,17698,15084,24539,23719,26753,46351,35227,46911,18421,16827
2014,MA,3,755778,372947,382831,581022,43.6,755778,579456,31916,62005,144264,511618,108130,81337,48478,95996,97795,118519,56171,41810,550426,101327,270944,16465,14569,22843,19450,26315,46908,30507,43179,25087,25621
2014,MA,4,748190,361345,386845,579626,39.6,748190,653912,28776,51058,31397,507275,130462,116542,50208,80846,96864,119700,52207,49128,546780,108530,273453,11815,8715,16565,16512,24684,37876,36235,52337,26726,41988
2014,MA,5,755944,364986,390958,603488,56.6,755944,592584,50155,95705,65415,532387,143293,144789,50649,115714,104728,106444,52559,40505,572846,112437,291331,16984,9783,21093,17594,26549,41774,36335,53259,30060,37900
2014,MA,6,757309,366689,390620,601135,47.1,757309,648304,32617,35768,61966,534362,136823,92337,46377,88090,90117,122708,59451,50944,571186,123052,286188,12712,10968,21626,18816,25725,43705,35923,55747,29672,31294
2014,MA,7,769929,373792,396137,631687,53.0,769929,395110,231475,85102,160308,506051,116616,101046,88608,173969,98496,85731,38164,34758,574669,74933,281429,33373,21462,26318,21742,28626,43900,28359,38706,17973,20970
2014,MA,8,751768,362217,389551,601961,42.3,751768,586750,84275,62829,40014,540852,143512,95598,44373,120042,96455,105963,52489,44402,577662,121501,294978,15268,11900,25475,19611,26093,44089,42192,53515,24656,32179
2014,MA,9,736589,353656,382933,591691,38.9,736589,651903,30870,14416,35656,529082,108325,73136,44794,75867,83751,111911,53102,55797,565815,148654,293794,14873,16145,28314,24620,36638,47428,35703,51322,21912,16839
2014,MD,1,728405,357778,370627,570108,45.9,728405,603248,95030,20413,26125,500524,89416,62111,48907,79719,82678,110009,53972,48817,540399,125329,268746,13231,10015,23786,22541,29012,48881,35491,48762,18770,18257
2014,MD,2,743321,357547,385774,572745,48.8,743321,413514,265887,44807,49226,497527,88519,57977,54807,113027,95867,103523,50480,41388,541727,93242,273842,17321,10884,23082,26199,34838,48992,36531,44076,20189,11730
2014,MD,3,768378,361670,406708,603987,45.5,768378,484512,194163,68016,65606,531399,134781,114020,54298,126815,98698,102703,52199,44012,573787,106972,290531,14244,8915,16173,17395,31124,46649,39406,56770,30343,29512
2014,MD,4,742761,356166,386595,568214,62.6,742761,253917,400529,26094,116511,502612,93106,64154,48014,111265,105051,106746,49809,40048,541088,89693,263670,8995,6707,15163,20221,33351,52287,37241,47216,22724,19765
2014,MD,5,753079,372743,380336,578792,48.8,753079,389615,299838,41246,60545,500701,98371,71150,53059,96015,95601,121812,51249,44985,541779,91039,255049,10589,5215,11367,13956,22900,42400,36635,58344,29755,23888
2014,MD,6,755369,376424,378945,576360,47.6,755369,513374,106816,93429,96489,512815,109808,103474,45977,99738,102849,119110,52599,40049,548473,98470,269094,12805,9612,18181,19607,29928,45960,35326,46500,22999,28176
2014,MD,7,738431,354700,383731,577109,52.2,738431,264827,406585,55326,29833,498561,97296,89034,57770,108112,89507,104999,50409,43555,543912,101979,270119,25060,13311,24553,23793,32144,44523,32972,33492,19695,20576
2014,MD,8,746663,359005,387658,577917,52.2,746663,509575,97539,79554,111844,518674,130018,150449,41896,92769,100890,108166,54586,46816,552063,115447,274387,10023,6659,12862,13756,25445,40798,34704,53914,32450,43776
2014,ME,1,673835,326947,346888,542542,46.4,673835,636471,14404,13329,11767,486267,114439,61604,39194,79464,80929,103291,53269,48396,518270,120918,279939,16540,14147,25985,30342,35574,53769,38411,38820,12922,13429
2014,ME,2,656254,320675,335579,529575,47.4,656254,623807,8541,7749,8072,473140,71451,34287,39356,72819,75251,98579,54653,50192,503276,121646,269902,23749,22204,34514,33008,41232,49040,31883,22946,6615,4711
2014,MI,1,703687,358411,345276,569800,49.2,703687,649927,16157,6175,11692,506551,77670,43485,45732,72700,73665,97365,58593,56258,541955,147970,287370,20983,18672,38297,36750,45390,57204,32401,25839,5818,6016
2014,MI,10,706525,350851,355674,549151,31.9,706525,657917,23102,14615,22364,491984,71577,41408,41535,74548,86185,110553,54794,48636,523859,117268,269546,13883,11284,26080,25115,38649,54571,37030,41780,13397,7757
2014,MI,11,718435,353692,364743,554921,43.2,718435,593200,43424,71528,25117,501166,130374,98491,38312,87828,95740,111819,54090,48257,531247,103432,274567,10639,7452,18241,21275,30025,50645,36925,50349,22402,26614
2014,MI,12,705207,345473,359734,550706,47.0,705207,554225,86226,45082,41109,456570,78740,73720,67704,97876,86514,90238,46280,40738,511044,94924,269662,19858,11847,26700,29477,40182,49738,32743,36163,12574,10380
2014,MI,13,687170,326065,361105,518430,51.4,687170,264609,386522,12042,46713,441215,40572,20850,56841,90673,84369,91143,47344,39412,487791,88274,257008,44655,23526,38236,31392,36541,38895,21917,16283,3943,1620
2014,MI,14,687921,323123,364798,533314,45.9,687921,237568,404323,36884,32500,465008,77252,63551,52510,84952,82599,94966,51344,44069,506872,107078,268709,33685,17892,35999,29791,37007,41655,26354,25140,9579,11607
2014,MI,2,724843,354660,370183,548140,61.8,724843,615780,55399,21150,68150,468466,78119,41702,57256,90865,84104,97685,50035,43334,514056,102443,268751,18593,14591,31231,31076,40847,56164,33013,28479,8377,6380
2014,MI,3,725487,361955,363532,547940,56.2,725487,609903,75751,15881,50695,480389,90847,48527,48801,98888,90437,100191,48728,42909,518268,99236,267811,18895,12621,27389,30148,36251,54720,34643,32980,10460,9704
2014,MI,4,702630,351616,351014,555145,58.4,702630,661426,18140,8887,21592,470683,63277,35051,59769,75766,78050,96533,50621,47579,514722,122134,269433,21414,15305,33834,32461,45575,50695,30223,26347,7259,6320
2014,MI,5,687292,331430,355862,531906,41.4,687292,531937,131750,10239,33104,470958,58640,32107,44834,80309,81893,94632,52327,45428,508853,116369,281383,26345,18413,39536,34190,45656,51363,29610,23271,7791,5208
2014,MI,6,712100,348683,363417,549050,61.2,712100,604262,72102,15203,41730,470680,77263,48148,58312,85744,81178,96721,48558,47443,519669,111036,276704,20145,15543,32117,35829,41607,51919,32547,30364,8889,7744
2014,MI,7,702894,352633,350261,546449,50.5,702894,642782,37294,9365,30631,484344,68963,39751,45070,77942,85167,104897,55460,46511,519201,114367,272507,13928,12496,31970,31251,37036,55088,35270,35960,11108,8400
2014,MI,8,725201,355503,369698,559560,56.1,725201,619643,51875,37965,34858,464655,102221,75923,65076,79574,87913,107052,51601,44622,514149,93893,272435,15500,10015,23925,22707,37423,45592,36472,45338,19226,16237
2014,MI,9,720485,351162,369323,571729,43.6,720485,573407,104922,31715,14840,507856,89847,59263,47721,98647,92120,105876,51069,47501,548142,112643,298688,19585,15855,34872,32223,44163,56094,35267,35733,12155,12741
2014,MN,1,666946,331597,335349,512472,59.2,666946,610937,23314,20570,41147,445655,77146,42367,47137,86141,76667,86882,47975,40841,481748,107149,261328,14313,11933,24228,26103,37524,52293,39353,34695,11038,9848
2014,MN,2,689759,340632,349127,513669,43.6,689759,587696,37743,36807,38681,454071,118123,53439,41971,87036,92301,106142,48101,37158,487601,83333,254262,8531,7713,15122,17740,25801,49192,38813,50678,22030,18642
2014,MN,3,685736,332783,352953,522560,45.5,685736,557031,55278,60737,30616,476770,148536,79261,33881,89917,88007,103699,55612,42955,505776,96580,268815,8319,6452,17555,17924,31504,44938,35998,50458,22836,32831
2014,MN,4,695920,339146,356774,530779,45.8,695920,501721,80050,91058,45282,461314,119358,77179,50229,107953,82909,91941,45322,41691,502188,91498,267760,17054,11857,25373,23453,32312,46927,33388,40950,16534,19912
2014,MN,5,706584,352175,354409,557705,55.9,706584,490587,127829,47870,63973,479872,132086,76827,57025,141137,95341,86994,40867,37065,527157,78468,293412,24207,16570,30483,27204,39044,50640,35063,39081,15981,15139
2014,MN,6,684784,346695,338089,506741,44.5,684784,627024,26591,21184,17891,441893,95876,36483,44727,88862,92523,104848,46799,34188,476759,74673,242232,8864,6645,15071,19183,28975,48382,37528,48280,18102,11202
2014,MN,7,662682,332650,330032,508706,62.8,662682,613159,11526,7177,28271,447578,70111,25358,43867,74608,70782,86973,48808,44231,480920,122176,267071,16066,13883,29055,30534,38677,55168,37621,30879,8599,6589
2014,MN,8,664762,337145,327617,521433,42.5,664762,618804,11258,7112,10579,465430,72858,33526,40791,75319,73551,91428,51915,49261,497586,123956,274315,16618,17745,30882,27632,39807,57385,35963,33841,7354,7088
2014,MO,1,744782,352977,391805,579451,58.8,744782,329319,378065,24649,21158,498470,88274,66350,57729,119513,91599,97435,52383,45136,545674,92404,307630,37742,19837,35842,38700,49370,52351,31908,25273,8396,8211
2014,MO,2,758288,364346,393942,590230,43.7,758288,679555,29548,40965,22756,536092,152577,104656,39248,95392,90720,110478,57412,49642,567183,132448,297764,9842,7499,22243,22035,36457,50967,41885,51733,26840,28263
2014,MO,3,766993,380912,386081,582517,49.3,766993,709357,34569,8774,17175,513773,80145,42283,50560,95959,95972,111269,52466,46745,554216,111362,283399,15443,11774,25944,30327,37437,60903,41964,41165,10711,7731
2014,MO,4,763003,379760,383243,588689,60.7,763003,677735,49015,14804,26677,489284,72471,45267,71542,94278,88218,96531,48084,46164,543475,116009,283862,26755,15901,34056,36775,39987,55903,33378,27694,7759,5654
2014,MO,5,758442,367259,391183,579901,59.0,758442,510277,181768,16989,67449,511452,87374,47396,51284,114267,92773,100235,54223,42392,552651,107562,307730,27357,19570,39080,37194,48664,55834,34092,29606,9573,6760
2014,MO,6,760291,378337,381954,580686,44.6,760291,691037,40765,13545,28110,509267,89942,45163,51279,92666,97300,105349,54705,44323,547422,114924,285617,19520,14764,27519,28650,40614,56392,38901,38037,12192,9028
2014,MO,7,765669,375628,390041,590989,64.4,765669,708459,21471,12749,36839,508430,76287,40160,60447,96615,91326,99969,50284,45626,555853,124610,299852,26233,19539,40429,41255,46668,57187,30191,25410,6855,6085
2014,MO,8,746121,371294,374827,578624,66.2,746121,684532,41691,7139,13161,509999,49599,32767,48748,86012,86541,102055,51672,51148,548581,132571,288955,31146,22373,41461,37378,44496,53484,27944,21154,5162,4357
2014,MS,1,760275,369031,391244,574821,71.3,760275,528166,213404,6667,22991,498091,61311,34365,50769,95328,100460,99055,49257,42479,537457,111512,282173,26789,21501,36255,35067,43383,50914,30436,25917,6062,5849
2014,MS,2,722640,346507,376133,539415,63.7,722640,227787,481399,3135,15010,461029,52834,33678,53239,93605,91626,88311,50984,40069,501611,96434,255841,38689,23443,35990,35154,36697,38606,20716,19525,4227,2794
2014,MS,3,749430,366454,382976,571420,68.9,749430,459890,268159,8981,14805,493488,74423,50173,53022,95480,95302,94723,50014,45953,538205,112016,280938,29922,19417,39732,32952,36251,45629,27965,28865,10860,9345
2014,MS,4,761734,375836,385898,575870,55.4,761734,545352,190567,12950,27760,498102,65682,38487,51932,99338,98590,98070,51539,43214,538185,107351,276871,30080,16860,38338,32014,42545,49219,32555,24239,6157,4864
2014,MT,1,1023579,513409,510170,798957,52.2,1023579,914571,9638,14042,34668,695850,135401,68438,74603,128275,115039,131523,79370,71490,755782,170153,410962,30967,26980,47790,49513,63330,77288,45096,44237,12661,13100
2014,NC,1,742851,353254,389597,577794,77.9,742851,290863,405374,14100,61691,493346,62177,34695,59705,98839,87863,94432,50984,47190,542859,114038,286254,36806,26508,42749,39862,45943,45113,22911,17103,5528,3731
2014,NC,10,744808,359296,385512,582866,63.2,744808,607265,97212,11943,44194,518349,80471,41021,45076,85030,96444,106873,53219,48781,554173,128002,283641,20314,21654,38775,38260,44348,48247,32591,25575,7810,6067
2014,NC,11,744956,364937,380019,601010,61.6,744956,664853,31776,11506,44078,536245,81846,45850,44251,77012,92408,102275,54929,51788,569935,157833,296292,26467,21193,38143,41265,44522,56932,32484,24481,6300,4505
2014,NC,12,778251,373383,404868,587052,72.6,778251,281070,410685,36446,106782,486997,81353,38421,72926,131651,105457,99020,44297,32605,545535,73967,292966,34827,22720,40315,35676,49013,53602,26842,19724,5461,4786
2014,NC,13,772469,374653,397816,575583,56.8,772469,564695,146951,22460,65713,518649,135735,74002,40695,92543,112318,117393,50513,46053,551525,99829,289173,12487,13617,23443,26459,36275,52387,38729,46156,20087,19533
2014,NC,2,774723,384687,390036,576550,60.7,774723,554735,147252,37082,84488,507194,95880,55934,51433,105278,105460,106251,47855,38188,547935,104162,283123,17176,16802,33733,32309,40342,52914,32180,34434,12490,10743
2014,NC,3,759653,385148,374505,592911,64.9,759653,559981,157629,11651,59935,483041,73107,37502,82020,104527,90390,88604,49379,39952,546262,110189,286013,24376,16332,34455,33787,45348,58106,33421,25607,8635,5946
2014,NC,4,795798,387451,408347,620354,62.3,795798,452826,252664,54049,95083,510859,119747,89677,76443,134889,114717,96475,44832,35525,568829,84421,308881,22093,17833,35056,34383,51586,51118,32769,35134,12909,16000
2014,NC,5,750233,363827,386406,586212,67.9,750233,611522,101939,12431,66254,506186,83669,47836,56693,84177,93235,107272,51569,48079,548468,121854,291365,24685,18370,38055,34264,45803,54066,33045,27146,8328,7603
2014,NC,6,755280,362725,392555,594016,62.9,755280,582565,125146,21538,54296,526846,96692,52631,46943,84274,96461,110951,59821,49540,562519,125799,297049,20201,16290,35703,35306,44131,52583,34476,35855,12453,10051
2014,NC,7,772311,377184,395127,595229,69.2,772311,578050,143828,8190,70289,532224,87584,38329,45246,85264,99499,108835,53724,52068,568240,132834,297924,25226,19993,35865,37491,44850,51416,30707,33624,9936,8816
2014,NC,8,746671,367766,378905,564625,71.3,746671,498903,148959,12976,69504,498795,64127,26700,45520,92378,100180,102706,49964,41976,533300,111591,273964,23935,19487,35224,34126,45735,47168,31217,25183,7128,4761
2014,NC,9,805960,388092,417868,599194,53.6,805960,621879,115049,43343,68294,543206,177469,90109,37647,103804,125818,121706,52944,42304,573904,96630,303975,12048,10123,21418,21268,36685,52721,43134,51237,23010,32331
2014,ND,1,739482,376324,363158,571956,61.1,739482,654375,18357,11914,20618,478850,94873,36443,68336,107993,82197,91263,49974,42744,536624,104679,305431,19119,13998,26386,30452,41543,57714,41806,43537,15027,15849
2014,NE,1,634290,315842,318448,480129,61.6,634290,567672,25013,19146,52333,404549,84480,37037,54053,84421,76025,77775,42556,35611,447566,88161,249406,11301,12114,26364,26539,35902,53165,32968,34337,9111,7605
2014,NE,2,641045,317870,323175,471786,67.8,641045,525423,72602,22949,70608,413909,102883,53268,41482,102083,84080,82844,39559,33684,446421,71659,243695,15784,10558,21562,23589,35117,44732,32191,36207,13717,10238
2014,NE,3,606168,302485,303683,461711,64.3,606168,567881,9763,5808,67339,406243,60366,23735,38373,68093,67374,76306,45016,38597,436274,110857,247664,16432,12646,32252,28998,37350,51226,30871,25249,6759,5881
2014,NH,1,665612,327091,338521,530596,42.2,665612,621376,14588,20220,21583,467691,105571,63006,43967,82120,78974,104246,52597,46576,502079,103178,262564,9401,10964,22790,22967,30219,48145,33484,46654,20167,17773
2014,NH,2,661201,327723,333478,528931,47.6,661201,618034,11922,20967,20869,463613,96152,61301,43391,72479,80595,105374,51566,47330,498408,106269,257192,10345,11078,19025,24698,32006,47364,39107,41276,17466,14827
2014,NJ,1,732232,353458,378774,565408,44.6,732232,493899,135777,40430,95651,499578,100842,51122,49051,99642,91562,105156,50946,45860,540208,106412,271572,19575,12111,24621,20584,31338,45309,35378,47911,19335,15410
2014,NJ,10,742855,352113,390742,566682,44.4,742855,215409,407220,50803,140362,487616,87305,46059,58086,109299,105232,101638,46347,42855,533656,82245,263010,28584,17963,28991,26639,34108,43429,28289,30638,11857,12512
2014,NJ,11,739014,355580,383434,578927,33.5,739014,606493,32357,81152,78129,521185,164301,108242,40590,76964,95626,120819,55974,45201,554446,126601,263467,6860,4547,13754,14423,20579,38412,34302,52536,29127,48927
2014,NJ,12,742832,365520,377312,579759,51.0,742832,434703,132435,130173,120388,514957,122228,101893,46093,97075,104876,106623,54176,44864,551694,107343,266054,12495,9057,19331,19360,25381,43825,31092,47708,24847,32958
2014,NJ,2,733973,361898,372075,572116,55.8,733973,546140,110942,33651,116638,506756,78864,39539,48079,86786,89724,107511,52426,48240,545982,122069,268122,16317,11934,28624,25711,34819,46248,35530,39184,16147,13608
2014,NJ,3,734551,360808,373743,580391,36.4,734551,590511,88747,35483,56903,518644,117115,56800,45300,83265,88680,110684,56651,44995,555190,134369,274785,11134,7356,19227,21081,28235,49160,38967,51213,26821,21591
2014,NJ,4,748864,360275,388589,567872,45.8,748864,641020,57809,34492,73086,507750,118565,77809,43570,80576,82587,112057,55138,45229,542827,132163,270829,12078,8287,23783,21918,24884,43024,31084,48543,24819,32409
2014,NJ,5,745147,365777,379370,579690,34.1,745147,577207,44181,87238,101389,514957,143284,87040,45315,73782,92614,125339,57674,47719,551152,117829,264036,7789,5615,14574,15737,23706,40975,33291,54078,30113,38158
2014,NJ,6,748924,368337,380587,582449,50.5,748924,476633,82562,146326,162541,502007,117431,76566,56270,106103,102372,111069,47060,41872,544349,93531,250583,12613,7630,17354,17037,25709,40976,35329,44019,25754,24162
2014,NJ,7,748182,364639,383543,571610,42.9,748182,598504,39538,77685,91297,509789,152145,113596,42974,68036,98210,130040,58117,46456,545946,108930,264239,7279,6055,13282,12583,23254,34320,27537,53211,32311,54407
2014,NJ,8,762249,386692,375557,599303,55.8,762249,437554,88616,76960,418808,528369,103228,58806,53526,156341,117707,101822,40846,34634,570574,77019,276592,21682,16265,30568,25667,35463,45687,33953,33661,14147,19499
2014,NJ,9,759352,368294,391058,581771,39.5,759352,435583,92460,102140,273980,516323,110665,57823,47588,109469,108076,103612,48000,43552,555125,103614,261555,24192,11581,24796,21995,30520,39373,29453,42477,19409,17759
2014,NM,1,699493,341172,358321,542290,60.1,699493,507433,24407,30927,341161,473911,85528,65366,50707,101331,85296,92380,46171,45053,513553,103680,270360,28037,15321,34062,27889,38184,44573,29244,30636,11665,10749
2014,NM,2,699424,350324,349100,523057,65.8,699424,575111,15802,10196,373265,444288,57498,36092,55875,86825,77065,85477,41964,43088,490079,109869,248398,29638,16827,35492,26621,38249,40464,28272,22032,5827,4976
2014,NM,3,686655,341283,345372,520147,63.6,686655,442915,13093,11597,279728,455623,63921,54529,44603,88100,83199,86171,50705,42911,490304,104537,242158,22497,17043,27110,25120,34348,42765,29954,25534,10393,7394
2014,NV,1,693623,358199,335424,532901,64.8,693623,380587,91808,65503,305129,463285,48581,21658,52995,109508,87184,96319,46349,35808,504238,88117,245248,25019,17414,35760,34825,41827,42988,23064,16521,4134,3696
2014,NV,2,697426,353532,343894,541295,59.6,697426,580111,17851,37857,151742,475834,77675,42888,47012,94014,81602,97482,48262,46218,513937,108256,262993,16434,14242,28029,27151,37552,48771,36693,34209,11154,8758
2014,NV,3,734973,363521,371452,567813,37.1,734973,499767,58635,118620,124796,514193,106806,56596,40150,108291,113162,98514,43526,44758,547497,105942,274521,11350,8958,20459,24880,37648,58874,40857,43806,13658,14031
2014,NV,4,713077,351492,361585,534559,53.9,713077,470799,114751,58898,208371,466286,58411,30848,49417,93866,101567,92037,41963,38654,505261,98199,238757,14597,10328,24867,27199,36352,51286,31367,26333,10116,6312
2014,NY,1,725932,357136,368796,568199,47.8,725932,629036,45637,33293,92936,500340,95551,79176,46838,77407,90403,114286,54962,44064,537728,119218,249690,9960,6866,17307,14567,23354,39917,32242,50588,26356,28533
2014,NY,10,736997,361494,375503,589256,50.4,736997,508244,32288,146372,91783,528636,162772,154957,43671,149468,107554,89768,39058,41040,562772,101748,310947,23398,12772,25072,20769,23392,40111,31792,44407,26799,62435
2014,NY,11,726893,350356,376537,566110,36.5,726893,523059,63398,102628,123967,503241,103247,64925,47880,100412,95085,102492,51123,45979,542168,108150,258510,22938,12597,25257,20647,25996,39546,33427,41837,19568,16697
2014,NY,12,729253,346456,382797,638817,50.3,729253,534814,45597,110269,103602,576798,227788,186066,47523,205209,111152,80916,41252,35202,617451,103067,367878,25834,12482,22858,18748,24608,44767,41853,64536,34954,77238
2014,NY,13,782199,369671,412528,617719,53.3,782199,189494,266551,45947,425942,527663,92593,59485,72262,143859,109495,103301,43888,41605,586632,85515,291316,49514,23937,33948,27756,41088,45246,28884,22617,8452,9874
2014,NY,14,752344,381018,371326,598013,56.4,752344,363006,93084,133082,360598,526629,88065,48345,58098,144260,111563,99907,45153,35036,574469,90710,249345,18606,11815,27662,26220,35747,48362,32901,29643,11160,7229
2014,NY,15,750915,347800,403115,539732,59.6,750915,93823,269374,13632,490350,443956,39736,16401,70616,115517,91578,99120,38957,29230,500633,69554,247735,53520,28615,43768,30657,33185,30159,13350,9996,2699,1786
2014,NY,16,732521,347620,384901,565080,43.7,732521,364206,238053,47862,176253,496824,101340,90570,47324,91647,95988,105520,49751,39912,534276,114006,263056,21616,11794,22188,20718,30559,41224,31085,36262,17843,29767
2014,NY,17,739263,359066,380197,556798,50.3,739263,514553,89395,50991,166389,489244,119489,106764,47310,83822,92233,105323,51371,44419,527160,112076,242676,8734,8416,15313,15652,22667,33152,26220,43489,28231,40802
2014,NY,18,720115,359158,360957,549534,43.2,720115,550462,80295,27302,118771,473914,93133,72744,52295,76765,89026,112161,51891,41944,514402,102127,244301,12314,8721,18258,16608,24618,38818,32272,47090,23261,22341
2014,NY,19,708116,351883,356233,572680,43.2,708116,635037,41523,14561,48985,500570,76474,59703,50121,77108,76769,111124,56707,51301,539153,127561,268269,15502,13693,25519,29135,35230,50032,36021,37779,14251,11107
2014,NY,2,724171,353836,370335,561524,48.2,724171,554025,80510,25436,159500,492282,86511,55579,51661,92149,90324,116955,53725,40407,532590,98722,225524,8019,5499,12525,14215,23667,34894,28862,50338,27844,19661
2014,NY,20,727913,353534,374379,579806,39.9,727913,587787,82191,38848,44287,491805,96826,84625,61057,92996,87658,100621,52430,46438,540132,111662,287521,16648,14530,25890,24853,36468,51858,39655,49038,15392,13189
2014,NY,21,713276,365949,347327,565665,51.5,713276,654195,29290,9930,24428,487418,62614,52224,56645,89779,83028,103727,48279,48337,531547,114268,271972,19347,17153,28014,28354,38868,54869,36364,32876,9473,6654
2014,NY,22,709851,349945,359906,564203,43.0,709851,640473,35006,21610,24745,480533,64181,47948,57228,80817,77705,102210,51668,46771,526117,121362,275383,20202,17430,31261,32589,40246,55140,32218,32290,8161,5846
2014,NY,23,715663,356046,359617,569986,55.7,715663,651106,30662,19853,26283,477420,65252,55900,62130,84391,75462,96776,54004,46598,521346,120189,281202,22953,17790,34444,30665,42296,53457,34912,29710,8240,6735
2014,NY,24,715188,349872,365316,559684,45.4,715188,604070,73241,21822,29561,482726,81688,63353,52476,89776,81135,103390,52364,45280,522327,110781,280593,21648,14813,28283,32723,38120,54375,34094,35684,11065,9788
2014,NY,25,721227,347723,373504,566497,43.3,721227,546173,124625,32053,58075,488732,100670,75449,54724,99702,82370,100193,49119,45187,531856,112161,287527,20544,14203,33494,31875,41095,51044,34884,37310,12599,10479
2014,NY,26,717332,346478,370854,572643,55.9,717332,515978,141928,32785,41788,493508,79386,66742,57405,106207,78227,93154,50953,45219,540945,119748,306964,29682,22919,37612,36123,43954,53923,33086,33231,8755,7679
2014,NY,27,716757,353571,363186,566983,44.3,716757,665021,27306,9831,21784,504249,76305,60885,43910,77160,83378,115694,57921,50758,537992,119338,279616,13930,11013,28349,26196,38529,51629,40793,46264,12199,10714
2014,NY,3,718780,351286,367494,563542,35.6,718780,539795,23341,114347,88397,504420,138533,118461,42194,67019,84364,118852,56190,45339,538555,132656,247359,8589,5901,13824,13302,18996,31552,29897,45863,29487,49948
2014,NY,4,721920,348977,372943,561220,42.5,721920,475570,123097,51552,144746,494934,108021,90568,46928,88539,92514,104870,50046,45456,532714,113509,231363,8210,5287,14268,16531,16398,31838,30201,44959,28852,34819
2014,NY,5,760487,359182,401305,587562,36.5,760487,132469,404314,117107,140237,511127,76460,44446,56235,105809,97459,112273,55724,39729,555620,100133,227580,16075,11010,22379,18391,27930,42277,28696,34471,17495,8856
2014,NY,6,733419,352235,381184,599832,41.8,733419,329763,32498,302869,144020,545162,113540,73448,42197,109964,107803,108575,55329,47377,578409,116114,269779,22513,13655,28650,20886,29546,49160,32785,40637,18357,13590
2014,NY,7,732079,358337,373742,569584,52.9,732079,351153,98311,151114,298027,494068,97718,58135,58498,149107,109119,91187,40992,32880,543679,70783,254793,28865,17697,31024,22333,30625,36452,24951,29318,15102,18426
2014,NY,8,758543,349362,409181,588136,34.2,758543,220944,427687,43905,138162,508063,94425,54597,60304,118156,99605,99141,46723,41543,556911,102895,281396,41979,20310,30820,25752,35781,41107,28773,31389,15588,9897
2014,NY,9,755073,346318,408755,582149,38.8,755073,260056,381673,60925,86673,515350,108832,75336,52558,128803,106729,95743,45090,41358,558411,97627,280103,30909,16160,32353,24678,37201,45093,34233,30983,11884,16609
2014,OH,1,729726,357532,372194,550806,60.5,729726,520929,169800,26361,20884,478417,99784,57870,49849,97146,89608,103267,47937,43699,518647,96760,285010,30702,15002,30259,24881,36042,49571,33988,36649,15012,12904
2014,OH,10,720794,349340,371454,561472,51.6,720794,555234,135273,21193,18462,487929,80506,56107,52942,93616,82189,97149,50604,46161,527992,118210,295834,26690,18129,38538,33424,41356,49299,34280,33452,11963,8703
2014,OH,11,699736,328896,370840,542555,49.8,699736,276982,392310,19558,25679,467579,67218,55164,53859,93926,80424,89102,51645,46738,509871,105744,298796,52046,24565,43451,34603,37486,44656,23564,21432,7130,9863
2014,OH,12,755978,376805,379173,570256,46.1,755978,670849,41928,31937,17607,507779,125890,79365,44612,95490,106318,106405,53700,44579,541634,101287,285099,12323,12283,24832,24727,32917,48227,38576,47326,21246,22642
2014,OH,13,707940,343703,364237,563642,52.1,707940,587070,97976,15302,21820,488865,69442,35678,54091,89235,80594,93526,54271,46000,531638,125239,297444,28176,18672,40526,37810,49372,55739,31536,25330,5785,4498
2014,OH,14,722474,352236,370238,562779,36.5,722474,660841,36496,17676,20352,505833,105001,63185,41013,72940,85038,110968,57949,48228,538905,130710,287411,13369,11508,27348,26187,39095,55377,37755,43164,18181,15427
2014,OH,15,740854,375170,365684,579256,50.2,740854,671472,38795,21373,14668,504874,94727,60073,52139,98916,99264,105453,50567,44714,546591,105960,280269,19944,12831,25528,27787,37041,54680,37217,39689,13537,12015
2014,OH,16,724483,352320,372163,568709,35.4,724483,678063,19443,19337,15922,510353,106136,60972,41815,82966,85278,103370,61337,48000,542517,129402,286387,11461,10099,23937,27937,40888,58204,39463,46553,15657,12188
2014,OH,2,724587,353163,371424,558798,56.3,724587,632706,68156,12848,14291,501089,93903,57546,44613,97299,91336,100381,51472,49466,538077,111135,291964,23833,16735,32229,29269,38978,52803,34601,34756,13897,14863
2014,OH,3,755499,363532,391967,569568,61.8,755499,431238,271588,31827,46815,480314,86768,44560,61674,138577,98725,92782,42326,35667,529731,72237,296151,32731,19487,38836,32532,46091,52191,33158,29209,7174,4742
2014,OH,4,709882,355782,354100,550276,41.2,709882,636815,49432,10011,22012,486519,51771,28393,44649,82601,87609,98657,55610,45950,522563,116092,277572,18655,16407,35001,32765,42980,56120,34954,28423,7931,4336
2014,OH,5,730503,357236,373267,563880,34.9,730503,674732,29059,11307,34783,488365,78345,49364,52275,83896,86110,99467,54534,48566,528457,115792,288070,16661,12019,32460,31874,42351,59791,35834,36837,10082,10161
2014,OH,6,713457,355026,358431,560380,39.9,713457,680310,21552,6045,6522,502548,48996,31195,40621,79801,85635,99526,57653,50976,534266,128957,278327,23308,18628,38029,33098,42883,51348,31404,26562,7542,5525
2014,OH,7,725548,356739,368809,557182,50.7,725548,669900,39493,6755,16765,491031,59035,31690,47362,80647,82474,102496,51821,48428,528143,125165,277654,19107,15029,31623,32237,44045,58160,33091,29884,8260,6218
2014,OH,8,722889,354972,367917,550359,54.6,722889,641380,54927,15674,24140,477605,68516,41487,51556,83679,87220,98885,54359,42116,517756,111346,273993,18640,12852,29491,30215,40168,53158,34594,33713,12589,8573
2014,OH,9,709813,344134,365679,548605,46.5,709813,533743,130639,13061,77984,478360,65709,37822,50048,96635,90184,96937,51834,39938,517993,102832,293191,29471,21521,42382,35882,47105,49731,29377,25822,6282,5618
2014,OK,1,781067,381444,399623,582800,70.3,781067,561789,83070,22731,83262,511782,104316,46577,52410,110594,100361,99824,51770,44172,553746,105061,305903,20255,15704,33367,32364,46864,59213,37024,35798,12410,12904
2014,OK,2,749768,372632,377136,572287,65.0,749768,501360,34221,6851,37204,502822,54051,26767,48126,86441,88287,96873,50253,47841,541600,133127,280477,26789,22986,42148,36276,41993,49706,28131,21615,5880,4953
2014,OK,3,776896,391093,385803,588315,67.6,776896,619767,38731,14598,71442,501631,75196,35307,62971,100283,90989,99181,50598,44557,549815,116023,285371,21319,16522,34596,31425,41216,57293,34612,31678,8883,7827
2014,OK,4,773994,386093,387901,588636,51.4,773994,589200,69263,23686,64802,495792,75353,41631,63784,108541,95251,95860,48060,43335,545998,104745,284755,20939,14530,30229,31952,38088,57195,38024,35189,10255,8354
2014,OK,5,796326,389300,407026,593720,72.9,796326,555365,126049,29606,122169,517858,96883,55287,56500,121757,101216,98557,52303,41413,564367,102612,303253,25645,16808,35624,36342,44000,54605,30999,32117,12418,14695
2014,OR,1,805943,396906,409037,617623,59.1,805943,653786,18778,76043,115540,551597,130391,79602,47896,116671,118691,109193,53515,48260,589329,105267,305696,16559,12451,26415,24989,41212,55555,44206,47813,20146,16350
2014,OR,2,784114,389288,394826,611043,68.5,784114,700351,9775,14918,106639,547291,80947,47119,46691,93628,94117,95285,54804,59629,583945,149828,302941,23951,17654,38905,39140,48706,56490,33397,28681,8301,7716
2014,OR,3,806382,401472,404910,644655,55.5,806382,630754,52276,67399,89755,574420,137522,77241,52178,141834,124364,104541,53369,48763,615727,101549,317520,25530,16814,32464,30959,43327,57543,38363,42817,14015,15688
2014,OR,4,775615,383749,391866,627229,61.3,775615,696204,12369,27511,55930,536426,81600,57624,66261,91144,84548,95719,55483,60565,587182,148967,313058,28546,21350,39101,36598,48533,56354,37920,28539,9259,6858
2014,OR,5,798185,392878,405307,610974,58.3,798185,677155,13836,32662,128927,537223,97604,56596,52753,97463,100155,103070,51807,56113,578188,128615,296296,16780,14727,30952,31332,43125,58856,36261,38798,13251,12214
2014,PA,1,716072,348176,367896,550601,54.5,716072,350648,270782,51834,117308,482755,74140,51924,49974,135795,92807,90925,42728,37879,523120,82621,266461,31764,18962,32284,31584,39711,46208,23931,25164,8502,8351
2014,PA,10,696416,350403,346013,554229,37.8,696416,645270,31512,7747,27817,489243,61093,36671,44787,76854,77889,103008,53202,49678,523991,128612,265081,16430,15025,32300,31446,41742,51672,33324,29680,6980,6482
2014,PA,11,700342,347586,352756,560090,44.7,700342,627688,44505,12996,39055,495384,72354,46522,43841,82868,85180,99703,53843,48011,529615,125779,279363,17332,14304,31801,30119,40465,54235,37937,34874,10945,7351
2014,PA,12,704560,345268,359292,559945,42.7,704560,653438,31140,14332,8387,512787,95570,63718,34790,79032,81847,100173,58685,51939,540831,141111,287682,16178,15316,29614,27429,37508,54085,39423,39770,14713,13646
2014,PA,13,725185,353527,371658,563486,44.8,725185,474577,139257,73413,83736,503675,98685,68550,45164,106769,92562,101187,48515,44176,538550,110466,269264,19377,13770,24678,26996,35815,45166,35137,36049,17461,14815
2014,PA,14,701362,335783,365579,579589,57.9,701362,501029,166379,26442,16467,495940,93501,61586,58976,116240,76405,87978,54467,46630,544197,114220,311663,35312,21237,42567,33893,44507,54229,34176,29511,8062,8169
2014,PA,15,722560,351271,371289,566089,46.0,722560,603405,45058,22558,110197,494965,84942,51397,50251,87601,87385,100810,51114,49172,533742,118883,273061,13911,11719,24680,26102,35231,56521,38691,39941,13924,12341
2014,PA,16,722837,354819,368018,545341,58.9,722837,582383,69522,17563,128087,476490,77048,41968,48831,93550,86903,98113,47613,40907,515051,109404,262000,17123,12997,24835,27665,35620,51235,35151,35875,11439,10060
2014,PA,17,707062,347634,359428,560987,40.2,707062,627687,50342,16730,57404,494898,67749,37727,46015,82113,85568,102924,49890,45976,529982,128427,268401,19114,17409,31563,29897,39624,51333,33264,31526,8221,6450
2014,PA,18,712014,348140,363874,573497,48.4,712014,667643,23089,16886,10010,518238,111100,68582,39260,85584,84511,106438,55924,50909,549515,134872,293422,12794,12883,29122,26166,39438,55297,37979,45347,17678,16718
2014,PA,2,716892,323355,393537,564949,53.7,716892,227955,430309,41604,44605,461101,78746,74751,72710,122299,78401,80398,46081,38639,517735,95283,269128,42672,21226,34169,28862,34745,37774,22790,21513,10455,14922
2014,PA,3,702323,345522,356801,555362,46.9,702323,643403,41992,9029,14528,489690,77408,43032,45680,79171,80692,102422,54834,47561,525573,125010,283310,19784,16367,35446,33069,42633,52661,32854,33464,9036,7996
2014,PA,4,719504,354676,364828,561931,52.6,719504,613141,66246,19658,49437,496788,81533,46905,47498,88386,89670,104883,53161,45569,535004,115119,280428,15914,12742,27809,26501,38792,56255,38379,40075,14552,9409
2014,PA,5,700531,356413,344118,568537,69.5,700531,655480,22837,12987,14100,475238,67158,42499,62856,82081,78084,95138,51809,46727,520750,121399,269986,21999,16383,34085,29574,41926,53198,32150,27872,7115,5684
2014,PA,6,716612,351432,365180,553252,47.9,716612,622923,40939,33584,42978,489909,124286,84028,44290,82945,91000,107269,54185,42883,526222,111627,267004,8948,8119,18189,19757,30185,49764,34568,47515,23272,26687
2014,PA,7,714577,346170,368407,554695,43.4,714577,625551,45456,37619,23388,491737,119780,86582,43231,80936,81350,109571,53803,45972,526906,120105,260127,9293,7779,19189,16812,31342,39706,36330,49292,22782,27602
2014,PA,8,713387,350285,363102,560630,38.2,713387,629322,32498,42530,35672,502927,115726,74826,40660,78698,86548,113211,58940,47049,536011,118481,263799,8994,8029,17840,17985,28704,45839,36009,49049,26516,24834
2014,PA,9,694973,342790,352183,553821,58.8,694973,657304,28140,4029,14311,487100,53301,32337,46947,75029,81390,96426,52998,48577,523536,132680,275792,23525,17482,35391,34097,41815,53805,32728,26021,6498,4430
2014,PR,1,3548397,1704416,1843981,2775652,,3548397,2520447,500692,10370,3514279,,,,268097,430490,458266,461164,219054,214692,2610462,617011,1233490,367015,150045,223257,150984,135015,118036,38539,32065,9023,9511
2014,RI,1,532145,259712,272433,419468,51.4,532145,416401,54635,19592,92247,361936,64109,47321,40342,73127,65442,74392,35991,32399,392665,80585,205292,18013,12398,20606,20924,26351,34132,22555,27135,10752,12426
2014,RI,2,523028,251938,271090,423150,44.1,523028,441835,29793,22907,55849,363935,67299,42165,41596,64974,60827,78497,38825,34217,395062,86595,204362,16195,9828,19536,17551,25639,34833,27350,30648,11139,11643
2014,SC,1,728626,354215,374411,568981,57.1,728626,550128,144234,18169,47461,506979,118014,72217,44060,106453,94479,96623,45257,45146,542899,119021,279589,15901,9687,23268,28565,37102,55461,37652,40953,13803,17197
2014,SC,2,686952,334162,352790,527518,60.4,686952,485612,169794,15490,37258,459797,96717,56426,49097,88365,89462,94506,49321,41119,499823,97024,260687,16647,11999,27914,26473,37008,48326,34934,37549,10872,8965
2014,SC,3,666489,327188,339301,520408,69.9,666489,513017,131742,6406,28614,450959,57565,34455,47835,76778,80566,88972,44945,44455,487233,115243,254391,21968,20062,39346,30498,39589,43267,27922,22225,5318,4196
2014,SC,4,703720,341028,362692,538998,58.5,703720,526573,143123,19623,58123,468104,87540,50061,51599,91913,89632,95703,48306,39449,509828,103101,264315,17224,18448,34086,33504,37181,48077,30764,26747,9163,9121
2014,SC,5,684083,334290,349793,525511,59.5,684083,464559,196030,9426,26178,462058,65312,36015,45685,77552,92678,96565,46478,43100,497808,105685,255114,23967,15988,33084,28837,39490,44687,27690,24196,10604,6571
2014,SC,6,673637,329160,344477,526438,71.4,673637,258089,390032,10133,32625,433157,52078,31782,66522,96690,74746,82631,42638,41432,482868,95020,242578,30981,22333,40471,32989,37006,38475,17740,15915,3876,2792
2014,SC,7,688975,331316,357659,540944,64.4,688975,456167,207002,8499,27145,479875,66691,32100,42823,80786,81586,91733,45382,53899,514445,126489,270240,28235,21616,32812,31311,47120,48263,27761,21239,6850,5033
2014,SD,1,853175,427381,425794,642282,54.1,853175,724768,20603,14278,28719,555488,111108,43108,61445,111603,97015,106294,58872,52350,605161,129354,334475,21958,19353,34548,38375,49413,66297,45427,39178,9534,10392
2014,TN,1,713317,348784,364533,569128,63.1,713317,669519,23154,6685,24846,507769,62800,38267,41839,81662,88874,101474,50664,50741,540330,134354,292994,29883,22758,44936,40601,42920,51641,28270,20141,6184,5660
2014,TN,2,726315,352810,373505,573392,59.7,726315,647641,53526,13912,27412,494464,92221,52946,57707,89712,91413,97774,48692,46041,539287,120832,284921,24896,18288,37558,31114,41464,50586,31030,29971,9475,10539
2014,TN,3,716365,349696,366669,565521,53.6,716365,609815,86432,11201,24724,502247,71435,44587,44920,86452,90931,101133,51155,50775,536176,121801,277570,26440,20208,34617,29967,43659,47690,31033,28228,9239,6489
2014,TN,4,747195,365258,381937,570144,73.8,747195,634819,69470,14686,43181,491560,71581,32647,55879,94146,100569,99852,49632,40571,535996,106790,277263,20984,17416,33894,32346,45594,52941,31759,28864,7995,5470
2014,TN,5,751222,361588,389634,586572,67.5,751222,496065,195179,26467,68359,510362,115818,62246,55770,137714,103024,96276,47396,40520,553528,85432,297372,23339,17431,35340,32290,45594,53186,33879,31962,12006,12345
2014,TN,6,733467,361177,372290,567137,60.7,733467,668026,37399,9245,27344,504797,68471,34264,44645,84902,92996,103215,52177,45002,537574,126505,280870,21506,16021,32994,35038,44708,53822,32726,28024,8952,7079
2014,TN,7,743173,369689,373484,556819,53.3,743173,628772,87404,17710,36192,488947,83690,47717,49476,90442,99895,104343,47760,43176,530055,103331,268304,22372,13896,34659,25977,38229,50416,27379,29501,10603,15272
2014,TN,8,710910,345950,364960,538410,51.1,710910,540489,142449,16474,23524,476017,89728,50218,43790,77512,91123,99776,51830,43360,510609,112416,265181,22242,15395,28593,25833,33681,45186,32874,34631,12681,14065
2014,TN,9,707388,335247,372141,529892,74.0,707388,189258,474793,14995,46757,448910,62057,37614,60489,111952,87797,89530,45081,39198,497433,75352,265190,33380,21177,43033,34866,38374,42183,22282,19618,5699,4578
2014,TX,1,712779,350913,361866,537452,72.6,712779,547425,135561,8580,119978,458357,64186,29238,54091,86711,83139,86926,43956,43295,499884,114330,255970,23391,15677,36801,26336,39805,44462,29444,25546,7839,6669
2014,TX,10,771009,384149,386860,567428,60.5,771009,594753,84122,44442,214571,503672,124905,65561,41960,107306,112611,106969,45594,42336,538932,88856,271381,12174,9068,21925,21544,36529,48780,34357,42297,21334,23373
2014,TX,11,741069,374377,366692,558400,63.5,741069,641043,35397,9565,277752,482294,69046,29227,56751,104272,85138,87883,46994,44393,526045,113614,267234,16673,14242,33390,27338,38508,45194,31280,34078,11240,15291
2014,TX,12,750952,367275,383677,562527,58.8,750952,595369,72620,32583,170055,490651,96154,49765,52726,114087,97984,100091,47444,37848,532156,93197,271290,15255,10298,23522,23300,36919,53242,39623,40267,14456,14408
2014,TX,13,707803,363716,344087,530428,75.0,707803,602037,46466,17808,186584,459487,63657,27112,53022,96286,85430,89694,46985,40488,500962,100604,256294,18037,17022,29425,29580,36948,46642,31321,31271,9200,6848
2014,TX,14,724881,365677,359204,549242,61.3,724881,524080,152115,26044,172539,480163,70938,35816,49835,98453,92852,100508,51094,42621,517976,94635,266576,23937,14696,28302,27744,34053,47072,26599,35884,16390,11899
2014,TX,15,764850,377662,387188,520383,71.9,764850,677387,17175,9543,622856,437484,63256,22826,58626,103927,102355,85299,36056,28436,482094,81411,217726,26249,19216,27922,24196,29725,35854,23151,21936,4944,4533
2014,TX,16,735246,362731,372515,531568,56.4,735246,606900,36077,15918,582165,444300,69970,32472,63810,106394,93796,86270,41733,32284,494747,83823,229932,23865,14702,30910,28982,36826,39264,22294,20439,7442,5208
2014,TX,17,740151,366808,373343,567920,68.6,740151,551347,107119,38516,182015,448524,81228,46719,85513,108023,93159,86936,40934,35758,513632,83714,273445,24757,17249,31851,29245,36417,49440,33508,32718,10310,7950
2014,TX,18,750812,377910,372902,545944,70.7,750812,336708,301634,27966,309013,465246,65451,34902,56272,131364,107222,89024,39439,32267,510484,65930,260178,23821,19331,34290,32034,37106,43151,24991,23978,10514,10962
2014,TX,19,719594,365875,353719,539145,69.1,719594,581063,52508,13676,256046,440849,62822,31448,70353,103773,80076,84419,41587,35841,496379,95153,257049,21461,15629,28957,32112,42307,46256,28334,24541,9009,8443
2014,TX,2,737492,369881,367611,560560,61.9,737492,520828,75791,57377,226420,496001,125741,70129,48040,127858,100348,104427,47723,42165,536457,73480,269587,10426,9203,19001,22261,30189,47706,36067,46484,20812,27438
2014,TX,20,762801,374871,387930,561210,64.6,762801,613448,48678,31235,525088,470051,71405,36045,66857,129441,99012,89550,38789,34795,522658,78464,248715,22106,14805,31030,28824,34461,46761,28907,29147,7613,5061
2014,TX,21,766190,383933,382257,610132,58.0,766190,673943,31593,30732,230988,528809,147927,88517,58715,116969,98133,98655,49921,48389,573800,116742,306367,19849,13132,25860,27441,39542,52573,39546,45673,21025,21726
2014,TX,22,814594,403063,411531,583585,44.9,814594,508767,116840,153263,199218,518308,143316,87576,46389,104261,129798,115764,51790,37526,552770,79169,263321,7457,6616,12763,15699,23164,41994,37833,53115,27591,37089
2014,TX,23,743201,372127,371074,527769,61.1,743201,634400,29370,12604,503359,450916,60748,35268,54205,97388,95916,91418,40770,33913,494427,91511,226174,19552,12447,23647,24557,29307,40827,25152,27248,11875,11562
2014,TX,24,759022,372379,386643,578341,62.9,759022,510456,92941,100348,183466,520077,148113,78470,43520,133690,111112,114891,46630,37178,558443,76576,304192,12278,11037,26168,26931,42845,53221,35713,44979,19880,31140
2014,TX,25,748022,365589,382433,565542,56.2,748022,621393,62803,29270,136880,490469,108944,64086,53082,108640,100211,96647,47488,43939,531607,93544,266438,17052,12716,22888,20881,36936,46336,33972,39565,16642,19450
2014,TX,26,783257,386596,396661,568652,59.4,783257,633699,60129,54174,139057,497011,138491,64695,50091,108204,123021,115710,48715,30196,536774,71165,266038,9600,7922,17158,18140,28625,45051,37796,53116,25220,23410
2014,TX,27,726394,359636,366758,543998,64.5,726394,630289,45073,13293,374274,475848,59760,31408,49809,100736,88364,90317,46647,45596,514419,104188,259534,20175,14025,28668,27073,37805,48486,29727,34887,10334,8354
2014,TX,28,725977,351945,374032,502183,70.8,725977,641325,35039,8785,558530,422770,48310,21965,54488,94207,94652,85174,38948,31928,464653,77861,208891,24020,14335,27150,21685,26637,37385,23662,23250,6212,4555
2014,TX,29,749098,376654,372444,520037,75.3,749098,550169,89266,10681,577097,437608,27272,12733,62342,120053,106674,85464,40281,27311,485929,57825,224503,17336,15544,35070,32512,36514,41331,22725,16311,4720,2440
2014,TX,3,792608,388740,403868,578938,50.5,792608,562418,79292,119493,116323,516077,168578,101005,44401,104504,130474,120448,44440,39398,552809,76813,283000,9552,7240,13246,15675,31197,47020,33611,59741,30032,35686
2014,TX,30,744247,357434,386813,533257,71.8,744247,356920,331337,16765,289905,458572,57198,26909,53024,108966,104825,96949,42100,37489,499933,68243,249315,29286,19524,29245,29561,38601,42029,25803,23882,6328,5056
2014,TX,31,776518,386495,390023,567659,55.0,776518,591783,99007,44973,184473,495142,110273,57940,52583,114654,117422,100496,39098,38188,537722,85284,267991,11836,9212,21756,24145,36575,53761,37777,41285,16784,14860
2014,TX,32,747437,368978,378459,571632,60.8,747437,524310,102346,63585,193064,498974,132517,80406,55826,112385,107967,104031,49037,37422,544737,88132,286216,14635,9584,23439,26512,35283,50470,34905,43910,18408,29070
2014,TX,33,742701,374416,368285,509694,80.6,742701,497928,135151,20829,469521,429103,26953,11400,58491,120454,102625,85679,36320,27927,473883,56098,223616,22193,17510,36272,34806,37185,39442,20312,11461,3209,1226
2014,TX,34,717582,356381,361201,504396,69.3,717582,664202,11262,4588,601235,425279,46157,19673,55420,88072,89286,82371,39343,31302,468156,94905,211742,31580,16506,33207,23571,26825,32993,17571,20978,5042,3469
2014,TX,35,767436,382444,384992,565179,77.1,767436,593871,88408,13538,467718,470984,60694,25589,68482,130406,108377,90126,42953,32055,527035,67067,254107,27868,17747,36609,31475,35431,45210,29319,21482,4746,4220
2014,TX,36,731297,367180,364117,544085,65.4,731297,603518,71144,18963,176802,478205,61542,28124,45528,94602,94211,97644,45643,47972,515760,98133,257309,15608,16621,28016,25967,31830,47009,32360,36330,13510,10058
2014,TX,4,719372,355730,363642,542814,66.2,719372,581866,81748,9716,97631,479528,63675,30582,41177,82119,91587,98574,48610,42951,509043,115687,255142,19456,15940,31214,27560,35748,45837,32221,30567,9580,7019
2014,TX,5,734553,372658,361895,539701,73.1,734553,548690,123978,22759,202853,473561,62308,32331,45005,100547,97338,96026,45857,39522,512473,94271,249636,16479,13972,33611,30066,39068,47728,26228,24913,10964,6607
2014,TX,6,737480,356963,380517,538169,55.8,737480,503636,157135,36376,166609,462218,89860,43425,55074,95815,102982,101645,48700,36565,507669,76511,255443,13916,10504,23255,22867,32595,51161,34761,39621,15909,10854
2014,TX,7,770950,377769,393181,571562,62.6,770950,532116,108955,92177,242266,502706,139578,97944,53520,123611,119827,95721,51357,37868,546540,74322,293681,16571,10063,27629,22908,29516,45690,32564,44348,21419,42973
2014,TX,8,767431,386981,380450,573066,64.0,767431,638843,66944,26340,160717,497733,99450,49206,53544,94663,106676,106690,48174,44420,542374,97110,257776,14244,10581,24265,24366,31616,44625,32995,36490,15329,23265
2014,TX,9,772152,378381,393771,568524,66.9,772152,268930,304058,103236,291170,480911,74424,43670,67498,131889,105668,94547,46035,35127,535649,67645,261388,21805,14388,36961,32452,42956,51105,22729,24754,8459,5779
2014,UT,1,727828,368084,359744,499890,59.7,727828,655306,11474,17911,87613,421714,84027,38379,57096,105001,93982,78447,38744,32873,468568,72667,232907,11401,9263,19541,20114,28510,52554,36305,35939,9654,9626
2014,UT,2,729552,371172,358380,520256,69.8,729552,604994,11365,24563,117623,440026,82061,46876,59760,113779,93800,75444,38723,33115,488768,85165,236700,14817,10824,22776,25779,34172,51463,31986,27336,8568,8979
2014,UT,3,721048,360924,360124,500426,57.9,721048,653941,9371,22417,70390,394140,100328,52790,79684,95925,88833,72127,35589,33204,462135,68462,213752,9433,6188,17969,18049,26562,41705,31100,35289,14585,12872
2014,UT,4,764474,379347,385127,516781,58.4,764474,653777,16045,27844,121474,448854,87416,38326,50134,121658,110841,81885,33443,32342,489951,68685,235011,9457,7480,17288,20019,32095,53369,39121,35504,11932,8746
2014,VA,1,770044,379777,390267,580107,46.8,770044,559315,145713,39522,71743,506299,104503,80072,53635,91280,101757,113884,52241,41253,549706,105884,268803,10052,6801,16664,19586,30164,46897,37999,53557,24234,22849
2014,VA,10,802127,399470,402657,583329,43.8,802127,587601,68472,125213,101127,524325,155452,133871,41414,94557,121026,127524,49927,43292,559158,87999,263798,5808,4241,10797,12750,18856,31247,27339,58802,36569,57389
2014,VA,11,782204,386662,395542,596315,49.2,782204,476589,115123,157717,148593,523480,145265,133640,51562,118380,120489,111859,50402,41503,566842,80847,265346,7752,4119,8726,11591,19571,41519,38540,58002,32616,42910
2014,VA,2,732346,365647,366699,574754,40.7,732346,491575,173532,48478,54705,489863,101068,57650,61272,121019,91712,97119,46098,40409,538612,93506,274587,13772,9551,20487,25810,39594,54544,41548,40598,16260,12423
2014,VA,3,753380,362700,390680,586647,60.6,753380,263378,447580,23159,45721,483607,66838,42280,78122,129351,86098,92137,47075,39576,546275,89370,286632,32197,21042,37657,33349,43057,50546,30765,25964,6313,5742
2014,VA,4,746976,371634,375342,571663,42.7,746976,457312,249826,24340,40066,500946,80468,46810,48119,97003,98901,110709,50675,45699,539661,97959,265513,15412,11001,23108,22945,34744,51458,38906,45547,14556,7836
2014,VA,5,733330,356311,377019,585386,60.6,733330,546017,156063,15325,26661,512237,75472,57070,49989,82826,84417,102674,53610,52483,551928,136227,289733,24992,19111,31384,31185,42111,52295,34804,31947,10252,11652
2014,VA,6,746357,362860,383497,596055,60.8,746357,624845,90762,17031,35649,500226,83805,51781,62789,89871,83773,99047,51935,47715,547005,127885,290076,21020,16779,34423,31205,42304,57589,36304,32547,9152,8753
2014,VA,7,769995,370764,399231,590523,48.1,769995,580958,126878,43623,45210,530331,129042,82425,40359,97525,103958,113136,53264,48500,563096,113948,286332,8956,8149,18154,20228,33967,55112,42239,54143,21165,24219
2014,VA,8,774065,380478,393587,612803,57.2,774065,500276,116463,108903,148143,556318,170529,170236,44886,162449,124657,105151,47097,36662,593764,80302,308510,11923,6314,13863,14806,23545,44254,41105,63779,37089,51832
2014,VA,9,715465,356368,359097,581170,58.5,715465,651815,46416,9438,14353,495663,61430,36632,58464,81390,83783,98007,49555,50009,539827,132919,284490,29808,26624,40666,30356,42728,50368,28209,25436,5447,4848
2014,VT,1,626562,308516,318046,504752,47.8,626562,591853,9550,12620,10775,438279,91472,61429,46321,72896,72290,90001,51731,44706,475270,106655,257229,15776,14034,26389,26717,35991,49959,34971,34054,10566,8772
2014,WA,1,713399,354456,358943,539637,56.0,713399,581171,14573,79925,62587,485262,127876,72508,39486,100584,101324,101829,49445,44759,517023,87321,259859,11280,6270,14416,15706,27065,40946,37401,56682,24147,25946
2014,WA,10,714449,353924,360525,545598,45.6,714449,528580,63794,67026,78278,471394,82596,41861,58023,107458,91155,89845,45201,42085,518193,95650,261632,16111,10327,23176,22976,35958,57574,37035,36906,13463,8106
2014,WA,2,708323,353267,355056,558031,49.0,708323,555014,29436,79768,76410,482953,95430,46510,56983,96902,90420,95682,49404,43946,528061,106599,275308,16454,11318,26935,24415,36559,53447,38166,41646,16227,10141
2014,WA,3,697884,347853,350031,531588,50.0,697884,602833,19800,33379,63018,473616,70860,37692,40963,83063,91014,93493,49895,44588,506815,111563,264592,15565,10381,27161,30155,36985,53194,35661,36656,11034,7800
2014,WA,4,704219,355540,348679,500594,74.7,704219,550204,13703,16822,268309,430336,54483,27586,51622,89720,85618,84459,40318,39488,472494,90733,235617,14563,14108,24282,27966,35119,48149,30155,25874,8038,7363
2014,WA,5,690518,343003,347515,539711,54.2,690518,609439,19997,25110,42938,455887,78038,48143,57940,91619,78071,86863,49421,43329,499611,106584,267126,22158,16054,30808,29063,39445,52662,31646,29086,9571,6633
2014,WA,6,676910,342328,334582,541010,45.6,676910,556302,39086,41028,52093,480489,86621,52800,45222,86734,76387,92006,55837,47470,514902,122055,265236,19427,13167,26077,24637,36484,51630,33873,35333,12939,11669
2014,WA,7,732733,371544,361189,617246,52.5,732733,559471,42191,96991,55461,541498,186368,124003,57541,148576,113182,95877,43479,46448,589872,93936,328789,21541,10510,25975,21657,37843,51744,38055,55335,31936,34193
2014,WA,8,711629,351521,360108,526287,53.6,711629,571399,33990,72630,73487,468112,97570,54705,40943,88695,95374,106541,52389,40426,500834,84687,254292,12575,7567,16455,18986,26875,46024,37460,48384,20688,19278
2014,WA,9,711466,356161,355305,559175,49.3,711466,370584,95024,191074,86197,494937,125843,73283,48332,119406,101828,96843,45704,37768,535720,93388,267150,15212,9802,20368,22458,34907,46236,31936,42615,18310,25306
2014,WI,1,712072,348960,363112,547565,50.1,712072,627841,47705,16827,67483,487223,92166,44971,43690,85639,90033,107848,53774,45068,521351,104861,272387,13886,11004,25993,25158,37660,55617,36562,42987,14037,9483
2014,WI,2,740988,368227,372761,579707,60.0,740988,639685,42737,33843,46521,493055,124845,77055,64900,107130,94678,98614,49083,45669,543240,97881,302685,17681,13249,28189,30189,42680,56112,41299,43815,15910,13561
2014,WI,3,718518,361681,356837,564932,53.8,718518,674641,10858,19657,16920,470614,74714,40697,65776,84403,78501,96920,49423,45715,521204,115652,282399,13784,15432,33969,33812,44435,54670,37585,33883,8208,6621
2014,WI,4,717657,347179,370478,535368,61.7,717657,379841,258697,29348,117113,450992,76739,46667,60907,115147,91064,87889,40838,38010,501000,78044,281593,31980,21767,42844,34475,39325,47926,26537,23114,6518,7107
2014,WI,5,722537,355324,367213,560844,49.4,722537,666082,16769,22946,41906,501637,120900,56377,41783,89214,87862,106180,54210,46749,534962,117422,291080,13461,9860,24569,27534,39105,54449,42024,46262,17691,16125
2014,WI,6,712031,359250,352781,558527,49.0,712031,662755,15411,20025,31150,495700,84434,38241,45289,84980,83678,105607,55280,47545,532624,118610,287900,13228,12701,31379,30464,44993,62334,37410,36538,9796,9057
2014,WI,7,711006,357329,353677,555935,37.6,711006,664903,7973,14097,14582,503912,76060,33499,37197,77153,81085,104985,57584,51475,535112,131630,298690,15894,15434,36132,33424,48259,60344,41498,31722,9308,6675
2014,WI,8,722755,360032,362723,555184,64.4,722755,650534,15330,18244,35307,495029,86686,34043,42956,88427,86509,109300,52486,46687,530228,111620,290951,14769,14317,28979,30093,45717,58924,42265,38576,10152,7159
2014,WV,1,616232,306394,309838,496035,60.9,616232,583607,19866,7312,8256,427354,55206,37288,49061,76338,73316,81733,45025,43043,464922,107899,242233,23999,14297,34702,28866,36613,45318,25386,21345,6771,4936
2014,WV,2,628276,310451,317825,490952,42.6,628276,579286,37546,6880,10514,440215,57311,33301,36357,72248,79745,89017,47764,42641,467538,108800,247865,20037,14388,30693,29728,36892,49193,27638,25946,8133,5217
2014,WV,3,605818,297841,307977,480139,44.1,605818,568571,28606,3091,5733,428781,39917,25234,37113,70833,74612,80229,45699,45052,458085,112356,245277,28699,21167,41374,30781,37172,39126,21785,17504,4331,3338
2014,WY,1,584153,297181,286972,446389,65.4,584153,531680,9256,7442,57065,388962,69557,33776,42706,83555,71119,72469,41237,40250,422598,80332,232594,12260,9692,25858,23038,31654,42949,31502,37411,10493,7737
